NO,N03_007,N03_001,N03_002,N03_003,N03_004,city_name,枚数合計
2,01102,北海道,石狩振興局,札幌市,札幌市北区,北海道札幌市北区,500
674,13113,東京都,,,渋谷区,東京都渋谷区,400
470,09201,栃木県,,,宇都宮市,栃木県宇都宮市,200
791,15103,新潟県,,新潟市,新潟市中央区,新潟県新潟市中央区,200
1,01101,北海道,石狩振興局,札幌市,札幌市中央区,北海道札幌市中央区,0
3,01103,北海道,石狩振興局,札幌市,札幌市東区,北海道札幌市東区,0
4,01104,北海道,石狩振興局,札幌市,札幌市白石区,北海道札幌市白石区,0
5,01105,北海道,石狩振興局,札幌市,札幌市豊平区,北海道札幌市豊平区,0
6,01106,北海道,石狩振興局,札幌市,札幌市南区,北海道札幌市南区,0
7,01107,北海道,石狩振興局,札幌市,札幌市西区,北海道札幌市西区,0
8,01108,北海道,石狩振興局,札幌市,札幌市厚別区,北海道札幌市厚別区,0
9,01109,北海道,石狩振興局,札幌市,札幌市手稲区,北海道札幌市手稲区,0
10,01110,北海道,石狩振興局,札幌市,札幌市清田区,北海道札幌市清田区,0
11,01202,北海道,渡島総合振興局,,函館市,北海道函館市,0
12,01203,北海道,後志総合振興局,,小樽市,北海道小樽市,0
13,01204,北海道,上川総合振興局,,旭川市,北海道旭川市,0
14,01205,北海道,胆振総合振興局,,室蘭市,北海道室蘭市,0
15,01206,北海道,釧路総合振興局,,釧路市,北海道釧路市,0
16,01207,北海道,十勝総合振興局,,帯広市,北海道帯広市,0
17,01208,北海道,オホーツク総合振興局,,北見市,北海道北見市,0
18,01209,北海道,空知総合振興局,,夕張市,北海道夕張市,0
19,01210,北海道,空知総合振興局,,岩見沢市,北海道岩見沢市,0
20,01211,北海道,オホーツク総合振興局,,網走市,北海道網走市,0
21,01212,北海道,留萌振興局,,留萌市,北海道留萌市,0
22,01213,北海道,胆振総合振興局,,苫小牧市,北海道苫小牧市,0
23,01214,北海道,宗谷総合振興局,,稚内市,北海道稚内市,0
24,01215,北海道,空知総合振興局,,美唄市,北海道美唄市,0
25,01216,北海道,空知総合振興局,,芦別市,北海道芦別市,0
26,01217,北海道,石狩振興局,,江別市,北海道江別市,0
27,01218,北海道,空知総合振興局,,赤平市,北海道赤平市,0
28,01219,北海道,オホーツク総合振興局,,紋別市,北海道紋別市,0
29,01220,北海道,上川総合振興局,,士別市,北海道士別市,0
30,01221,北海道,上川総合振興局,,名寄市,北海道名寄市,0
31,01222,北海道,空知総合振興局,,三笠市,北海道三笠市,0
32,01223,北海道,根室振興局,,根室市,北海道根室市,0
33,01224,北海道,石狩振興局,,千歳市,北海道千歳市,0
34,01225,北海道,空知総合振興局,,滝川市,北海道滝川市,0
35,01226,北海道,空知総合振興局,,砂川市,北海道砂川市,0
36,01227,北海道,空知総合振興局,,歌志内市,北海道歌志内市,0
37,01228,北海道,空知総合振興局,,深川市,北海道深川市,0
38,01229,北海道,上川総合振興局,,富良野市,北海道富良野市,0
39,01230,北海道,胆振総合振興局,,登別市,北海道登別市,0
40,01231,北海道,石狩振興局,,恵庭市,北海道恵庭市,0
41,01233,北海道,胆振総合振興局,,伊達市,北海道伊達市,0
42,01234,北海道,石狩振興局,,北広島市,北海道北広島市,0
43,01235,北海道,石狩振興局,,石狩市,北海道石狩市,0
44,01236,北海道,渡島総合振興局,,北斗市,北海道北斗市,0
45,01303,北海道,石狩振興局,石狩郡,当別町,北海道当別町,0
46,01304,北海道,石狩振興局,石狩郡,新篠津村,北海道新篠津村,0
47,01331,北海道,渡島総合振興局,松前郡,松前町,北海道松前町,0
48,01332,北海道,渡島総合振興局,松前郡,福島町,北海道福島町,0
49,01333,北海道,渡島総合振興局,上磯郡,知内町,北海道知内町,0
50,01334,北海道,渡島総合振興局,上磯郡,木古内町,北海道木古内町,0
51,01337,北海道,渡島総合振興局,亀田郡,七飯町,北海道七飯町,0
52,01343,北海道,渡島総合振興局,茅部郡,鹿部町,北海道鹿部町,0
53,01345,北海道,渡島総合振興局,茅部郡,森町,北海道森町,0
54,01346,北海道,渡島総合振興局,二海郡,八雲町,北海道八雲町,0
55,01347,北海道,渡島総合振興局,山越郡,長万部町,北海道長万部町,0
56,01361,北海道,檜山振興局,檜山郡,江差町,北海道江差町,0
57,01362,北海道,檜山振興局,檜山郡,上ノ国町,北海道上ノ国町,0
58,01363,北海道,檜山振興局,檜山郡,厚沢部町,北海道厚沢部町,0
59,01364,北海道,檜山振興局,爾志郡,乙部町,北海道乙部町,0
60,01367,北海道,檜山振興局,奥尻郡,奥尻町,北海道奥尻町,0
61,01370,北海道,檜山振興局,瀬棚郡,今金町,北海道今金町,0
62,01371,北海道,檜山振興局,久遠郡,せたな町,北海道せたな町,0
63,01391,北海道,後志総合振興局,島牧郡,島牧村,北海道島牧村,0
64,01392,北海道,後志総合振興局,寿都郡,寿都町,北海道寿都町,0
65,01393,北海道,後志総合振興局,寿都郡,黒松内町,北海道黒松内町,0
66,01394,北海道,後志総合振興局,磯谷郡,蘭越町,北海道蘭越町,0
67,01395,北海道,後志総合振興局,虻田郡,ニセコ町,北海道ニセコ町,0
68,01396,北海道,後志総合振興局,虻田郡,真狩村,北海道真狩村,0
69,01397,北海道,後志総合振興局,虻田郡,留寿都村,北海道留寿都村,0
70,01398,北海道,後志総合振興局,虻田郡,喜茂別町,北海道喜茂別町,0
71,01399,北海道,後志総合振興局,虻田郡,京極町,北海道京極町,0
72,01400,北海道,後志総合振興局,虻田郡,倶知安町,北海道倶知安町,0
73,01401,北海道,後志総合振興局,岩内郡,共和町,北海道共和町,0
74,01402,北海道,後志総合振興局,岩内郡,岩内町,北海道岩内町,0
75,01403,北海道,後志総合振興局,古宇郡,泊村,北海道泊村,0
76,01404,北海道,後志総合振興局,古宇郡,神恵内村,北海道神恵内村,0
77,01405,北海道,後志総合振興局,積丹郡,積丹町,北海道積丹町,0
78,01406,北海道,後志総合振興局,古平郡,古平町,北海道古平町,0
79,01407,北海道,後志総合振興局,余市郡,仁木町,北海道仁木町,0
80,01408,北海道,後志総合振興局,余市郡,余市町,北海道余市町,0
81,01409,北海道,後志総合振興局,余市郡,赤井川村,北海道赤井川村,0
82,01423,北海道,空知総合振興局,空知郡,南幌町,北海道南幌町,0
83,01424,北海道,空知総合振興局,空知郡,奈井江町,北海道奈井江町,0
84,01425,北海道,空知総合振興局,空知郡,上砂川町,北海道上砂川町,0
85,01427,北海道,空知総合振興局,夕張郡,由仁町,北海道由仁町,0
86,01428,北海道,空知総合振興局,夕張郡,長沼町,北海道長沼町,0
87,01429,北海道,空知総合振興局,夕張郡,栗山町,北海道栗山町,0
88,01430,北海道,空知総合振興局,樺戸郡,月形町,北海道月形町,0
89,01431,北海道,空知総合振興局,樺戸郡,浦臼町,北海道浦臼町,0
90,01432,北海道,空知総合振興局,樺戸郡,新十津川町,北海道新十津川町,0
91,01433,北海道,空知総合振興局,雨竜郡,妹背牛町,北海道妹背牛町,0
92,01434,北海道,空知総合振興局,雨竜郡,秩父別町,北海道秩父別町,0
93,01436,北海道,空知総合振興局,雨竜郡,雨竜町,北海道雨竜町,0
94,01437,北海道,空知総合振興局,雨竜郡,北竜町,北海道北竜町,0
95,01438,北海道,空知総合振興局,雨竜郡,沼田町,北海道沼田町,0
96,01452,北海道,上川総合振興局,上川郡,鷹栖町,北海道鷹栖町,0
97,01453,北海道,上川総合振興局,上川郡,東神楽町,北海道東神楽町,0
98,01454,北海道,上川総合振興局,上川郡,当麻町,北海道当麻町,0
99,01455,北海道,上川総合振興局,上川郡,比布町,北海道比布町,0
100,01456,北海道,上川総合振興局,上川郡,愛別町,北海道愛別町,0
101,01457,北海道,上川総合振興局,上川郡,上川町,北海道上川町,0
102,01458,北海道,上川総合振興局,上川郡,東川町,北海道東川町,0
103,01459,北海道,上川総合振興局,上川郡,美瑛町,北海道美瑛町,0
104,01460,北海道,上川総合振興局,空知郡,上富良野町,北海道上富良野町,0
105,01461,北海道,上川総合振興局,空知郡,中富良野町,北海道中富良野町,0
106,01462,北海道,上川総合振興局,空知郡,南富良野町,北海道南富良野町,0
107,01463,北海道,上川総合振興局,勇払郡,占冠村,北海道占冠村,0
108,01464,北海道,上川総合振興局,上川郡,和寒町,北海道和寒町,0
109,01465,北海道,上川総合振興局,上川郡,剣淵町,北海道剣淵町,0
110,01468,北海道,上川総合振興局,上川郡,下川町,北海道下川町,0
111,01469,北海道,上川総合振興局,中川郡,美深町,北海道美深町,0
112,01470,北海道,上川総合振興局,中川郡,音威子府村,北海道音威子府村,0
113,01471,北海道,上川総合振興局,中川郡,中川町,北海道中川町,0
114,01472,北海道,上川総合振興局,雨竜郡,幌加内町,北海道幌加内町,0
115,01481,北海道,留萌振興局,増毛郡,増毛町,北海道増毛町,0
116,01482,北海道,留萌振興局,留萌郡,小平町,北海道小平町,0
117,01483,北海道,留萌振興局,苫前郡,苫前町,北海道苫前町,0
118,01484,北海道,留萌振興局,苫前郡,羽幌町,北海道羽幌町,0
119,01485,北海道,留萌振興局,苫前郡,初山別村,北海道初山別村,0
120,01486,北海道,留萌振興局,天塩郡,遠別町,北海道遠別町,0
121,01487,北海道,留萌振興局,天塩郡,天塩町,北海道天塩町,0
122,01511,北海道,宗谷総合振興局,宗谷郡,猿払村,北海道猿払村,0
123,01512,北海道,宗谷総合振興局,枝幸郡,浜頓別町,北海道浜頓別町,0
124,01513,北海道,宗谷総合振興局,枝幸郡,中頓別町,北海道中頓別町,0
125,01514,北海道,宗谷総合振興局,枝幸郡,枝幸町,北海道枝幸町,0
126,01516,北海道,宗谷総合振興局,天塩郡,豊富町,北海道豊富町,0
127,01517,北海道,宗谷総合振興局,礼文郡,礼文町,北海道礼文町,0
128,01518,北海道,宗谷総合振興局,利尻郡,利尻町,北海道利尻町,0
129,01519,北海道,宗谷総合振興局,利尻郡,利尻富士町,北海道利尻富士町,0
130,01520,北海道,宗谷総合振興局,天塩郡,幌延町,北海道幌延町,0
131,01543,北海道,オホーツク総合振興局,網走郡,美幌町,北海道美幌町,0
132,01544,北海道,オホーツク総合振興局,網走郡,津別町,北海道津別町,0
133,01545,北海道,オホーツク総合振興局,斜里郡,斜里町,北海道斜里町,0
134,01546,北海道,オホーツク総合振興局,斜里郡,清里町,北海道清里町,0
135,01547,北海道,オホーツク総合振興局,斜里郡,小清水町,北海道小清水町,0
136,01549,北海道,オホーツク総合振興局,常呂郡,訓子府町,北海道訓子府町,0
137,01550,北海道,オホーツク総合振興局,常呂郡,置戸町,北海道置戸町,0
138,01552,北海道,オホーツク総合振興局,常呂郡,佐呂間町,北海道佐呂間町,0
139,01555,北海道,オホーツク総合振興局,紋別郡,遠軽町,北海道遠軽町,0
140,01559,北海道,オホーツク総合振興局,紋別郡,湧別町,北海道湧別町,0
141,01560,北海道,オホーツク総合振興局,紋別郡,滝上町,北海道滝上町,0
142,01561,北海道,オホーツク総合振興局,紋別郡,興部町,北海道興部町,0
143,01562,北海道,オホーツク総合振興局,紋別郡,西興部村,北海道西興部村,0
144,01563,北海道,オホーツク総合振興局,紋別郡,雄武町,北海道雄武町,0
145,01564,北海道,オホーツク総合振興局,網走郡,大空町,北海道大空町,0
146,01571,北海道,胆振総合振興局,虻田郡,豊浦町,北海道豊浦町,0
147,01575,北海道,胆振総合振興局,有珠郡,壮瞥町,北海道壮瞥町,0
148,01578,北海道,胆振総合振興局,白老郡,白老町,北海道白老町,0
149,01581,北海道,胆振総合振興局,勇払郡,厚真町,北海道厚真町,0
150,01584,北海道,胆振総合振興局,虻田郡,洞爺湖町,北海道洞爺湖町,0
151,01585,北海道,胆振総合振興局,勇払郡,安平町,北海道安平町,0
152,01586,北海道,胆振総合振興局,勇払郡,むかわ町,北海道むかわ町,0
153,01601,北海道,日高振興局,沙流郡,日高町,北海道日高町,0
154,01602,北海道,日高振興局,沙流郡,平取町,北海道平取町,0
155,01604,北海道,日高振興局,新冠郡,新冠町,北海道新冠町,0
156,01607,北海道,日高振興局,浦河郡,浦河町,北海道浦河町,0
157,01608,北海道,日高振興局,様似郡,様似町,北海道様似町,0
158,01609,北海道,日高振興局,幌泉郡,えりも町,北海道えりも町,0
159,01610,北海道,日高振興局,日高郡,新ひだか町,北海道新ひだか町,0
160,01631,北海道,十勝総合振興局,河東郡,音更町,北海道音更町,0
161,01632,北海道,十勝総合振興局,河東郡,士幌町,北海道士幌町,0
162,01633,北海道,十勝総合振興局,河東郡,上士幌町,北海道上士幌町,0
163,01634,北海道,十勝総合振興局,河東郡,鹿追町,北海道鹿追町,0
164,01635,北海道,十勝総合振興局,上川郡,新得町,北海道新得町,0
165,01636,北海道,十勝総合振興局,上川郡,清水町,北海道清水町,0
166,01637,北海道,十勝総合振興局,河西郡,芽室町,北海道芽室町,0
167,01638,北海道,十勝総合振興局,河西郡,中札内村,北海道中札内村,0
168,01639,北海道,十勝総合振興局,河西郡,更別村,北海道更別村,0
169,01641,北海道,十勝総合振興局,広尾郡,大樹町,北海道大樹町,0
170,01642,北海道,十勝総合振興局,広尾郡,広尾町,北海道広尾町,0
171,01643,北海道,十勝総合振興局,中川郡,幕別町,北海道幕別町,0
172,01644,北海道,十勝総合振興局,中川郡,池田町,北海道池田町,0
173,01645,北海道,十勝総合振興局,中川郡,豊頃町,北海道豊頃町,0
174,01646,北海道,十勝総合振興局,中川郡,本別町,北海道本別町,0
175,01647,北海道,十勝総合振興局,足寄郡,足寄町,北海道足寄町,0
176,01648,北海道,十勝総合振興局,足寄郡,陸別町,北海道陸別町,0
177,01649,北海道,十勝総合振興局,十勝郡,浦幌町,北海道浦幌町,0
178,01661,北海道,釧路総合振興局,釧路郡,釧路町,北海道釧路町,0
179,01662,北海道,釧路総合振興局,厚岸郡,厚岸町,北海道厚岸町,0
180,01663,北海道,釧路総合振興局,厚岸郡,浜中町,北海道浜中町,0
181,01664,北海道,釧路総合振興局,川上郡,標茶町,北海道標茶町,0
182,01665,北海道,釧路総合振興局,川上郡,弟子屈町,北海道弟子屈町,0
183,01667,北海道,釧路総合振興局,阿寒郡,鶴居村,北海道鶴居村,0
184,01668,北海道,釧路総合振興局,白糠郡,白糠町,北海道白糠町,0
185,01691,北海道,根室振興局,野付郡,別海町,北海道別海町,0
186,01692,北海道,根室振興局,標津郡,中標津町,北海道中標津町,0
187,01693,北海道,根室振興局,標津郡,標津町,北海道標津町,0
188,01694,北海道,根室振興局,目梨郡,羅臼町,北海道羅臼町,0
189,01695,北海道,根室振興局,色丹郡,色丹村,北海道色丹村,0
190,01696,北海道,根室振興局,国後郡,泊村,北海道泊村,0
191,01697,北海道,根室振興局,国後郡,留夜別村,北海道留夜別村,0
192,01698,北海道,根室振興局,択捉郡,留別村,北海道留別村,0
193,01699,北海道,根室振興局,紗那郡,紗那村,北海道紗那村,0
194,01700,北海道,根室振興局,蘂取郡,蘂取村,北海道蘂取村,0
195,02201,青森県,,,青森市,青森県青森市,0
196,02202,青森県,,,弘前市,青森県弘前市,0
197,02203,青森県,,,八戸市,青森県八戸市,0
198,02204,青森県,,,黒石市,青森県黒石市,0
199,02205,青森県,,,五所川原市,青森県五所川原市,0
200,02206,青森県,,,十和田市,青森県十和田市,0
201,02207,青森県,,,三沢市,青森県三沢市,0
202,02208,青森県,,,むつ市,青森県むつ市,0
203,02209,青森県,,,つがる市,青森県つがる市,0
204,02210,青森県,,,平川市,青森県平川市,0
205,02301,青森県,,東津軽郡,平内町,青森県平内町,0
206,02303,青森県,,東津軽郡,今別町,青森県今別町,0
207,02304,青森県,,東津軽郡,蓬田村,青森県蓬田村,0
208,02307,青森県,,東津軽郡,外ヶ浜町,青森県外ヶ浜町,0
209,02321,青森県,,西津軽郡,鰺ヶ沢町,青森県鰺ヶ沢町,0
210,02323,青森県,,西津軽郡,深浦町,青森県深浦町,0
211,02343,青森県,,中津軽郡,西目屋村,青森県西目屋村,0
212,02361,青森県,,南津軽郡,藤崎町,青森県藤崎町,0
213,02362,青森県,,南津軽郡,大鰐町,青森県大鰐町,0
214,02367,青森県,,南津軽郡,田舎館村,青森県田舎館村,0
215,02381,青森県,,北津軽郡,板柳町,青森県板柳町,0
216,02384,青森県,,北津軽郡,鶴田町,青森県鶴田町,0
217,02387,青森県,,北津軽郡,中泊町,青森県中泊町,0
218,02401,青森県,,上北郡,野辺地町,青森県野辺地町,0
219,02402,青森県,,上北郡,七戸町,青森県七戸町,0
220,02405,青森県,,上北郡,六戸町,青森県六戸町,0
221,02406,青森県,,上北郡,横浜町,青森県横浜町,0
222,02408,青森県,,上北郡,東北町,青森県東北町,0
223,02411,青森県,,上北郡,六ヶ所村,青森県六ヶ所村,0
224,02412,青森県,,上北郡,おいらせ町,青森県おいらせ町,0
225,02423,青森県,,下北郡,大間町,青森県大間町,0
226,02424,青森県,,下北郡,東通村,青森県東通村,0
227,02425,青森県,,下北郡,風間浦村,青森県風間浦村,0
228,02426,青森県,,下北郡,佐井村,青森県佐井村,0
229,02441,青森県,,三戸郡,三戸町,青森県三戸町,0
230,02442,青森県,,三戸郡,五戸町,青森県五戸町,0
231,02443,青森県,,三戸郡,田子町,青森県田子町,0
232,02445,青森県,,三戸郡,南部町,青森県南部町,0
233,02446,青森県,,三戸郡,階上町,青森県階上町,0
234,02450,青森県,,三戸郡,新郷村,青森県新郷村,0
235,03201,岩手県,,,盛岡市,岩手県盛岡市,0
236,03202,岩手県,,,宮古市,岩手県宮古市,0
237,03203,岩手県,,,大船渡市,岩手県大船渡市,0
238,03205,岩手県,,,花巻市,岩手県花巻市,0
239,03206,岩手県,,,北上市,岩手県北上市,0
240,03207,岩手県,,,久慈市,岩手県久慈市,0
241,03208,岩手県,,,遠野市,岩手県遠野市,0
242,03209,岩手県,,,一関市,岩手県一関市,0
243,03210,岩手県,,,陸前高田市,岩手県陸前高田市,0
244,03211,岩手県,,,釜石市,岩手県釜石市,0
245,03213,岩手県,,,二戸市,岩手県二戸市,0
246,03214,岩手県,,,八幡平市,岩手県八幡平市,0
247,03215,岩手県,,,奥州市,岩手県奥州市,0
248,03216,岩手県,,,滝沢市,岩手県滝沢市,0
249,03301,岩手県,,岩手郡,雫石町,岩手県雫石町,0
250,03302,岩手県,,岩手郡,葛巻町,岩手県葛巻町,0
251,03303,岩手県,,岩手郡,岩手町,岩手県岩手町,0
252,03321,岩手県,,紫波郡,紫波町,岩手県紫波町,0
253,03322,岩手県,,紫波郡,矢巾町,岩手県矢巾町,0
254,03366,岩手県,,和賀郡,西和賀町,岩手県西和賀町,0
255,03381,岩手県,,胆沢郡,金ケ崎町,岩手県金ケ崎町,0
256,03402,岩手県,,西磐井郡,平泉町,岩手県平泉町,0
257,03441,岩手県,,気仙郡,住田町,岩手県住田町,0
258,03461,岩手県,,上閉伊郡,大槌町,岩手県大槌町,0
259,03482,岩手県,,下閉伊郡,山田町,岩手県山田町,0
260,03483,岩手県,,下閉伊郡,岩泉町,岩手県岩泉町,0
261,03484,岩手県,,下閉伊郡,田野畑村,岩手県田野畑村,0
262,03485,岩手県,,下閉伊郡,普代村,岩手県普代村,0
263,03501,岩手県,,九戸郡,軽米町,岩手県軽米町,0
264,03503,岩手県,,九戸郡,野田村,岩手県野田村,0
265,03506,岩手県,,九戸郡,九戸村,岩手県九戸村,0
266,03507,岩手県,,九戸郡,洋野町,岩手県洋野町,0
267,03524,岩手県,,二戸郡,一戸町,岩手県一戸町,0
268,04101,宮城県,,仙台市,仙台市青葉区,宮城県仙台市青葉区,0
269,04102,宮城県,,仙台市,仙台市宮城野区,宮城県仙台市宮城野区,0
270,04103,宮城県,,仙台市,仙台市若林区,宮城県仙台市若林区,0
271,04104,宮城県,,仙台市,仙台市太白区,宮城県仙台市太白区,0
272,04105,宮城県,,仙台市,仙台市泉区,宮城県仙台市泉区,0
273,04202,宮城県,,,石巻市,宮城県石巻市,0
274,04203,宮城県,,,塩竈市,宮城県塩竈市,0
275,04205,宮城県,,,気仙沼市,宮城県気仙沼市,0
276,04206,宮城県,,,白石市,宮城県白石市,0
277,04207,宮城県,,,名取市,宮城県名取市,0
278,04208,宮城県,,,角田市,宮城県角田市,0
279,04209,宮城県,,,多賀城市,宮城県多賀城市,0
280,04211,宮城県,,,岩沼市,宮城県岩沼市,0
281,04212,宮城県,,,登米市,宮城県登米市,0
282,04213,宮城県,,,栗原市,宮城県栗原市,0
283,04214,宮城県,,,東松島市,宮城県東松島市,0
284,04215,宮城県,,,大崎市,宮城県大崎市,0
285,04216,宮城県,,,富谷市,宮城県富谷市,0
286,04301,宮城県,,刈田郡,蔵王町,宮城県蔵王町,0
287,04302,宮城県,,刈田郡,七ヶ宿町,宮城県七ヶ宿町,0
288,04321,宮城県,,柴田郡,大河原町,宮城県大河原町,0
289,04322,宮城県,,柴田郡,村田町,宮城県村田町,0
290,04323,宮城県,,柴田郡,柴田町,宮城県柴田町,0
291,04324,宮城県,,柴田郡,川崎町,宮城県川崎町,0
292,04341,宮城県,,伊具郡,丸森町,宮城県丸森町,0
293,04361,宮城県,,亘理郡,亘理町,宮城県亘理町,0
294,04362,宮城県,,亘理郡,山元町,宮城県山元町,0
295,04401,宮城県,,宮城郡,松島町,宮城県松島町,0
296,04404,宮城県,,宮城郡,七ヶ浜町,宮城県七ヶ浜町,0
297,04406,宮城県,,宮城郡,利府町,宮城県利府町,0
298,04421,宮城県,,黒川郡,大和町,宮城県大和町,0
299,04422,宮城県,,黒川郡,大郷町,宮城県大郷町,0
300,04424,宮城県,,黒川郡,大衡村,宮城県大衡村,0
301,04444,宮城県,,加美郡,色麻町,宮城県色麻町,0
302,04445,宮城県,,加美郡,加美町,宮城県加美町,0
303,04501,宮城県,,遠田郡,涌谷町,宮城県涌谷町,0
304,04505,宮城県,,遠田郡,美里町,宮城県美里町,0
305,04581,宮城県,,牡鹿郡,女川町,宮城県女川町,0
306,04606,宮城県,,本吉郡,南三陸町,宮城県南三陸町,0
307,05201,秋田県,,,秋田市,秋田県秋田市,0
308,05202,秋田県,,,能代市,秋田県能代市,0
309,05203,秋田県,,,横手市,秋田県横手市,0
310,05204,秋田県,,,大館市,秋田県大館市,0
311,05206,秋田県,,,男鹿市,秋田県男鹿市,0
312,05207,秋田県,,,湯沢市,秋田県湯沢市,0
313,05209,秋田県,,,鹿角市,秋田県鹿角市,0
314,05210,秋田県,,,由利本荘市,秋田県由利本荘市,0
315,05211,秋田県,,,潟上市,秋田県潟上市,0
316,05212,秋田県,,,大仙市,秋田県大仙市,0
317,05213,秋田県,,,北秋田市,秋田県北秋田市,0
318,05214,秋田県,,,にかほ市,秋田県にかほ市,0
319,05215,秋田県,,,仙北市,秋田県仙北市,0
320,05303,秋田県,,鹿角郡,小坂町,秋田県小坂町,0
321,05327,秋田県,,北秋田郡,上小阿仁村,秋田県上小阿仁村,0
322,05346,秋田県,,山本郡,藤里町,秋田県藤里町,0
323,05348,秋田県,,山本郡,三種町,秋田県三種町,0
324,05349,秋田県,,山本郡,八峰町,秋田県八峰町,0
325,05361,秋田県,,南秋田郡,五城目町,秋田県五城目町,0
326,05363,秋田県,,南秋田郡,八郎潟町,秋田県八郎潟町,0
327,05366,秋田県,,南秋田郡,井川町,秋田県井川町,0
328,05368,秋田県,,南秋田郡,大潟村,秋田県大潟村,0
329,05434,秋田県,,仙北郡,美郷町,秋田県美郷町,0
330,05463,秋田県,,雄勝郡,羽後町,秋田県羽後町,0
331,05464,秋田県,,雄勝郡,東成瀬村,秋田県東成瀬村,0
332,06201,山形県,,,山形市,山形県山形市,0
333,06202,山形県,,,米沢市,山形県米沢市,0
334,06203,山形県,,,鶴岡市,山形県鶴岡市,0
335,06204,山形県,,,酒田市,山形県酒田市,0
336,06205,山形県,,,新庄市,山形県新庄市,0
337,06206,山形県,,,寒河江市,山形県寒河江市,0
338,06207,山形県,,,上山市,山形県上山市,0
339,06208,山形県,,,村山市,山形県村山市,0
340,06209,山形県,,,長井市,山形県長井市,0
341,06210,山形県,,,天童市,山形県天童市,0
342,06211,山形県,,,東根市,山形県東根市,0
343,06212,山形県,,,尾花沢市,山形県尾花沢市,0
344,06213,山形県,,,南陽市,山形県南陽市,0
345,06301,山形県,,東村山郡,山辺町,山形県山辺町,0
346,06302,山形県,,東村山郡,中山町,山形県中山町,0
347,06321,山形県,,西村山郡,河北町,山形県河北町,0
348,06322,山形県,,西村山郡,西川町,山形県西川町,0
349,06323,山形県,,西村山郡,朝日町,山形県朝日町,0
350,06324,山形県,,西村山郡,大江町,山形県大江町,0
351,06341,山形県,,北村山郡,大石田町,山形県大石田町,0
352,06361,山形県,,最上郡,金山町,山形県金山町,0
353,06362,山形県,,最上郡,最上町,山形県最上町,0
354,06363,山形県,,最上郡,舟形町,山形県舟形町,0
355,06364,山形県,,最上郡,真室川町,山形県真室川町,0
356,06365,山形県,,最上郡,大蔵村,山形県大蔵村,0
357,06366,山形県,,最上郡,鮭川村,山形県鮭川村,0
358,06367,山形県,,最上郡,戸沢村,山形県戸沢村,0
359,06381,山形県,,東置賜郡,高畠町,山形県高畠町,0
360,06382,山形県,,東置賜郡,川西町,山形県川西町,0
361,06401,山形県,,西置賜郡,小国町,山形県小国町,0
362,06402,山形県,,西置賜郡,白鷹町,山形県白鷹町,0
363,06403,山形県,,西置賜郡,飯豊町,山形県飯豊町,0
364,06426,山形県,,東田川郡,三川町,山形県三川町,0
365,06428,山形県,,東田川郡,庄内町,山形県庄内町,0
366,06461,山形県,,飽海郡,遊佐町,山形県遊佐町,0
367,07201,福島県,,,福島市,福島県福島市,0
368,07202,福島県,,,会津若松市,福島県会津若松市,0
369,07203,福島県,,,郡山市,福島県郡山市,0
370,07204,福島県,,,いわき市,福島県いわき市,0
371,07205,福島県,,,白河市,福島県白河市,0
372,07207,福島県,,,須賀川市,福島県須賀川市,0
373,07208,福島県,,,喜多方市,福島県喜多方市,0
374,07209,福島県,,,相馬市,福島県相馬市,0
375,07210,福島県,,,二本松市,福島県二本松市,0
376,07211,福島県,,,田村市,福島県田村市,0
377,07212,福島県,,,南相馬市,福島県南相馬市,0
378,07213,福島県,,,伊達市,福島県伊達市,0
379,07214,福島県,,,本宮市,福島県本宮市,0
380,07301,福島県,,伊達郡,桑折町,福島県桑折町,0
381,07303,福島県,,伊達郡,国見町,福島県国見町,0
382,07308,福島県,,伊達郡,川俣町,福島県川俣町,0
383,07322,福島県,,安達郡,大玉村,福島県大玉村,0
384,07342,福島県,,岩瀬郡,鏡石町,福島県鏡石町,0
385,07344,福島県,,岩瀬郡,天栄村,福島県天栄村,0
386,07362,福島県,,南会津郡,下郷町,福島県下郷町,0
387,07364,福島県,,南会津郡,檜枝岐村,福島県檜枝岐村,0
388,07367,福島県,,南会津郡,只見町,福島県只見町,0
389,07368,福島県,,南会津郡,南会津町,福島県南会津町,0
390,07402,福島県,,耶麻郡,北塩原村,福島県北塩原村,0
391,07405,福島県,,耶麻郡,西会津町,福島県西会津町,0
392,07407,福島県,,耶麻郡,磐梯町,福島県磐梯町,0
393,07408,福島県,,耶麻郡,猪苗代町,福島県猪苗代町,0
394,07421,福島県,,河沼郡,会津坂下町,福島県会津坂下町,0
395,07422,福島県,,河沼郡,湯川村,福島県湯川村,0
396,07423,福島県,,河沼郡,柳津町,福島県柳津町,0
397,07444,福島県,,大沼郡,三島町,福島県三島町,0
398,07445,福島県,,大沼郡,金山町,福島県金山町,0
399,07446,福島県,,大沼郡,昭和村,福島県昭和村,0
400,07447,福島県,,大沼郡,会津美里町,福島県会津美里町,0
401,07461,福島県,,西白河郡,西郷村,福島県西郷村,0
402,07464,福島県,,西白河郡,泉崎村,福島県泉崎村,0
403,07465,福島県,,西白河郡,中島村,福島県中島村,0
404,07466,福島県,,西白河郡,矢吹町,福島県矢吹町,0
405,07481,福島県,,東白川郡,棚倉町,福島県棚倉町,0
406,07482,福島県,,東白川郡,矢祭町,福島県矢祭町,0
407,07483,福島県,,東白川郡,塙町,福島県塙町,0
408,07484,福島県,,東白川郡,鮫川村,福島県鮫川村,0
409,07501,福島県,,石川郡,石川町,福島県石川町,0
410,07502,福島県,,石川郡,玉川村,福島県玉川村,0
411,07503,福島県,,石川郡,平田村,福島県平田村,0
412,07504,福島県,,石川郡,浅川町,福島県浅川町,0
413,07505,福島県,,石川郡,古殿町,福島県古殿町,0
414,07521,福島県,,田村郡,三春町,福島県三春町,0
415,07522,福島県,,田村郡,小野町,福島県小野町,0
416,07541,福島県,,双葉郡,広野町,福島県広野町,0
417,07542,福島県,,双葉郡,楢葉町,福島県楢葉町,0
418,07543,福島県,,双葉郡,富岡町,福島県富岡町,0
419,07544,福島県,,双葉郡,川内村,福島県川内村,0
420,07545,福島県,,双葉郡,大熊町,福島県大熊町,0
421,07546,福島県,,双葉郡,双葉町,福島県双葉町,0
422,07547,福島県,,双葉郡,浪江町,福島県浪江町,0
423,07548,福島県,,双葉郡,葛尾村,福島県葛尾村,0
424,07561,福島県,,相馬郡,新地町,福島県新地町,0
425,07564,福島県,,相馬郡,飯舘村,福島県飯舘村,0
426,08201,茨城県,,,水戸市,茨城県水戸市,0
427,08202,茨城県,,,日立市,茨城県日立市,0
428,08203,茨城県,,,土浦市,茨城県土浦市,0
429,08204,茨城県,,,古河市,茨城県古河市,0
430,08205,茨城県,,,石岡市,茨城県石岡市,0
431,08207,茨城県,,,結城市,茨城県結城市,0
432,08208,茨城県,,,龍ケ崎市,茨城県龍ケ崎市,0
433,08210,茨城県,,,下妻市,茨城県下妻市,0
434,08211,茨城県,,,常総市,茨城県常総市,0
435,08212,茨城県,,,常陸太田市,茨城県常陸太田市,0
436,08214,茨城県,,,高萩市,茨城県高萩市,0
437,08215,茨城県,,,北茨城市,茨城県北茨城市,0
438,08216,茨城県,,,笠間市,茨城県笠間市,0
439,08217,茨城県,,,取手市,茨城県取手市,0
440,08219,茨城県,,,牛久市,茨城県牛久市,0
441,08220,茨城県,,,つくば市,茨城県つくば市,0
442,08221,茨城県,,,ひたちなか市,茨城県ひたちなか市,0
443,08222,茨城県,,,鹿嶋市,茨城県鹿嶋市,0
444,08223,茨城県,,,潮来市,茨城県潮来市,0
445,08224,茨城県,,,守谷市,茨城県守谷市,0
446,08225,茨城県,,,常陸大宮市,茨城県常陸大宮市,0
447,08226,茨城県,,,那珂市,茨城県那珂市,0
448,08227,茨城県,,,筑西市,茨城県筑西市,0
449,08228,茨城県,,,坂東市,茨城県坂東市,0
450,08229,茨城県,,,稲敷市,茨城県稲敷市,0
451,08230,茨城県,,,かすみがうら市,茨城県かすみがうら市,0
452,08231,茨城県,,,桜川市,茨城県桜川市,0
453,08232,茨城県,,,神栖市,茨城県神栖市,0
454,08233,茨城県,,,行方市,茨城県行方市,0
455,08234,茨城県,,,鉾田市,茨城県鉾田市,0
456,08235,茨城県,,,つくばみらい市,茨城県つくばみらい市,0
457,08236,茨城県,,,小美玉市,茨城県小美玉市,0
458,08302,茨城県,,東茨城郡,茨城町,茨城県茨城町,0
459,08309,茨城県,,東茨城郡,大洗町,茨城県大洗町,0
460,08310,茨城県,,東茨城郡,城里町,茨城県城里町,0
461,08341,茨城県,,那珂郡,東海村,茨城県東海村,0
462,08364,茨城県,,久慈郡,大子町,茨城県大子町,0
463,08442,茨城県,,稲敷郡,美浦村,茨城県美浦村,0
464,08443,茨城県,,稲敷郡,阿見町,茨城県阿見町,0
465,08447,茨城県,,稲敷郡,河内町,茨城県河内町,0
466,08521,茨城県,,結城郡,八千代町,茨城県八千代町,0
467,08542,茨城県,,猿島郡,五霞町,茨城県五霞町,0
468,08546,茨城県,,猿島郡,境町,茨城県境町,0
469,08564,茨城県,,北相馬郡,利根町,茨城県利根町,0
471,09202,栃木県,,,足利市,栃木県足利市,0
472,09203,栃木県,,,栃木市,栃木県栃木市,0
473,09204,栃木県,,,佐野市,栃木県佐野市,0
474,09205,栃木県,,,鹿沼市,栃木県鹿沼市,0
475,09206,栃木県,,,日光市,栃木県日光市,0
476,09208,栃木県,,,小山市,栃木県小山市,0
477,09209,栃木県,,,真岡市,栃木県真岡市,0
478,09210,栃木県,,,大田原市,栃木県大田原市,0
479,09211,栃木県,,,矢板市,栃木県矢板市,0
480,09213,栃木県,,,那須塩原市,栃木県那須塩原市,0
481,09214,栃木県,,,さくら市,栃木県さくら市,0
482,09215,栃木県,,,那須烏山市,栃木県那須烏山市,0
483,09216,栃木県,,,下野市,栃木県下野市,0
484,09301,栃木県,,河内郡,上三川町,栃木県上三川町,0
485,09342,栃木県,,芳賀郡,益子町,栃木県益子町,0
486,09343,栃木県,,芳賀郡,茂木町,栃木県茂木町,0
487,09344,栃木県,,芳賀郡,市貝町,栃木県市貝町,0
488,09345,栃木県,,芳賀郡,芳賀町,栃木県芳賀町,0
489,09361,栃木県,,下都賀郡,壬生町,栃木県壬生町,0
490,09364,栃木県,,下都賀郡,野木町,栃木県野木町,0
491,09384,栃木県,,塩谷郡,塩谷町,栃木県塩谷町,0
492,09386,栃木県,,塩谷郡,高根沢町,栃木県高根沢町,0
493,09407,栃木県,,那須郡,那須町,栃木県那須町,0
494,09411,栃木県,,那須郡,那珂川町,栃木県那珂川町,0
495,10201,群馬県,,,前橋市,群馬県前橋市,0
496,10202,群馬県,,,高崎市,群馬県高崎市,0
497,10203,群馬県,,,桐生市,群馬県桐生市,0
498,10204,群馬県,,,伊勢崎市,群馬県伊勢崎市,0
499,10205,群馬県,,,太田市,群馬県太田市,0
500,10206,群馬県,,,沼田市,群馬県沼田市,0
501,10207,群馬県,,,館林市,群馬県館林市,0
502,10208,群馬県,,,渋川市,群馬県渋川市,0
503,10209,群馬県,,,藤岡市,群馬県藤岡市,0
504,10210,群馬県,,,富岡市,群馬県富岡市,0
505,10211,群馬県,,,安中市,群馬県安中市,0
506,10212,群馬県,,,みどり市,群馬県みどり市,0
507,10344,群馬県,,北群馬郡,榛東村,群馬県榛東村,0
508,10345,群馬県,,北群馬郡,吉岡町,群馬県吉岡町,0
509,10366,群馬県,,多野郡,上野村,群馬県上野村,0
510,10367,群馬県,,多野郡,神流町,群馬県神流町,0
511,10382,群馬県,,甘楽郡,下仁田町,群馬県下仁田町,0
512,10383,群馬県,,甘楽郡,南牧村,群馬県南牧村,0
513,10384,群馬県,,甘楽郡,甘楽町,群馬県甘楽町,0
514,10421,群馬県,,吾妻郡,中之条町,群馬県中之条町,0
515,10424,群馬県,,吾妻郡,長野原町,群馬県長野原町,0
516,10425,群馬県,,吾妻郡,嬬恋村,群馬県嬬恋村,0
517,10426,群馬県,,吾妻郡,草津町,群馬県草津町,0
518,10428,群馬県,,吾妻郡,高山村,群馬県高山村,0
519,10429,群馬県,,吾妻郡,東吾妻町,群馬県東吾妻町,0
520,10443,群馬県,,利根郡,片品村,群馬県片品村,0
521,10444,群馬県,,利根郡,川場村,群馬県川場村,0
522,10448,群馬県,,利根郡,昭和村,群馬県昭和村,0
523,10449,群馬県,,利根郡,みなかみ町,群馬県みなかみ町,0
524,10464,群馬県,,佐波郡,玉村町,群馬県玉村町,0
525,10521,群馬県,,邑楽郡,板倉町,群馬県板倉町,0
526,10522,群馬県,,邑楽郡,明和町,群馬県明和町,0
527,10523,群馬県,,邑楽郡,千代田町,群馬県千代田町,0
528,10524,群馬県,,邑楽郡,大泉町,群馬県大泉町,0
529,10525,群馬県,,邑楽郡,邑楽町,群馬県邑楽町,0
530,11101,埼玉県,,さいたま市,さいたま市西区,埼玉県さいたま市西区,0
531,11102,埼玉県,,さいたま市,さいたま市北区,埼玉県さいたま市北区,0
532,11103,埼玉県,,さいたま市,さいたま市大宮区,埼玉県さいたま市大宮区,0
533,11104,埼玉県,,さいたま市,さいたま市見沼区,埼玉県さいたま市見沼区,0
534,11105,埼玉県,,さいたま市,さいたま市中央区,埼玉県さいたま市中央区,0
535,11106,埼玉県,,さいたま市,さいたま市桜区,埼玉県さいたま市桜区,0
536,11107,埼玉県,,さいたま市,さいたま市浦和区,埼玉県さいたま市浦和区,0
537,11108,埼玉県,,さいたま市,さいたま市南区,埼玉県さいたま市南区,0
538,11109,埼玉県,,さいたま市,さいたま市緑区,埼玉県さいたま市緑区,0
539,11110,埼玉県,,さいたま市,さいたま市岩槻区,埼玉県さいたま市岩槻区,0
540,11201,埼玉県,,,川越市,埼玉県川越市,0
541,11202,埼玉県,,,熊谷市,埼玉県熊谷市,0
542,11203,埼玉県,,,川口市,埼玉県川口市,0
543,11206,埼玉県,,,行田市,埼玉県行田市,0
544,11207,埼玉県,,,秩父市,埼玉県秩父市,0
545,11208,埼玉県,,,所沢市,埼玉県所沢市,0
546,11209,埼玉県,,,飯能市,埼玉県飯能市,0
547,11210,埼玉県,,,加須市,埼玉県加須市,0
548,11211,埼玉県,,,本庄市,埼玉県本庄市,0
549,11212,埼玉県,,,東松山市,埼玉県東松山市,0
550,11214,埼玉県,,,春日部市,埼玉県春日部市,0
551,11215,埼玉県,,,狭山市,埼玉県狭山市,0
552,11216,埼玉県,,,羽生市,埼玉県羽生市,0
553,11217,埼玉県,,,鴻巣市,埼玉県鴻巣市,0
554,11218,埼玉県,,,深谷市,埼玉県深谷市,0
555,11219,埼玉県,,,上尾市,埼玉県上尾市,0
556,11221,埼玉県,,,草加市,埼玉県草加市,0
557,11222,埼玉県,,,越谷市,埼玉県越谷市,0
558,11223,埼玉県,,,蕨市,埼玉県蕨市,0
559,11224,埼玉県,,,戸田市,埼玉県戸田市,0
560,11225,埼玉県,,,入間市,埼玉県入間市,0
561,11227,埼玉県,,,朝霞市,埼玉県朝霞市,0
562,11228,埼玉県,,,志木市,埼玉県志木市,0
563,11229,埼玉県,,,和光市,埼玉県和光市,0
564,11230,埼玉県,,,新座市,埼玉県新座市,0
565,11231,埼玉県,,,桶川市,埼玉県桶川市,0
566,11232,埼玉県,,,久喜市,埼玉県久喜市,0
567,11233,埼玉県,,,北本市,埼玉県北本市,0
568,11234,埼玉県,,,八潮市,埼玉県八潮市,0
569,11235,埼玉県,,,富士見市,埼玉県富士見市,0
570,11237,埼玉県,,,三郷市,埼玉県三郷市,0
571,11238,埼玉県,,,蓮田市,埼玉県蓮田市,0
572,11239,埼玉県,,,坂戸市,埼玉県坂戸市,0
573,11240,埼玉県,,,幸手市,埼玉県幸手市,0
574,11241,埼玉県,,,鶴ヶ島市,埼玉県鶴ヶ島市,0
575,11242,埼玉県,,,日高市,埼玉県日高市,0
576,11243,埼玉県,,,吉川市,埼玉県吉川市,0
577,11245,埼玉県,,,ふじみ野市,埼玉県ふじみ野市,0
578,11246,埼玉県,,,白岡市,埼玉県白岡市,0
579,11301,埼玉県,,北足立郡,伊奈町,埼玉県伊奈町,0
580,11324,埼玉県,,入間郡,三芳町,埼玉県三芳町,0
581,11326,埼玉県,,入間郡,毛呂山町,埼玉県毛呂山町,0
582,11327,埼玉県,,入間郡,越生町,埼玉県越生町,0
583,11341,埼玉県,,比企郡,滑川町,埼玉県滑川町,0
584,11342,埼玉県,,比企郡,嵐山町,埼玉県嵐山町,0
585,11343,埼玉県,,比企郡,小川町,埼玉県小川町,0
586,11346,埼玉県,,比企郡,川島町,埼玉県川島町,0
587,11347,埼玉県,,比企郡,吉見町,埼玉県吉見町,0
588,11348,埼玉県,,比企郡,鳩山町,埼玉県鳩山町,0
589,11349,埼玉県,,比企郡,ときがわ町,埼玉県ときがわ町,0
590,11361,埼玉県,,秩父郡,横瀬町,埼玉県横瀬町,0
591,11362,埼玉県,,秩父郡,皆野町,埼玉県皆野町,0
592,11363,埼玉県,,秩父郡,長瀞町,埼玉県長瀞町,0
593,11365,埼玉県,,秩父郡,小鹿野町,埼玉県小鹿野町,0
594,11369,埼玉県,,秩父郡,東秩父村,埼玉県東秩父村,0
595,11381,埼玉県,,児玉郡,美里町,埼玉県美里町,0
596,11383,埼玉県,,児玉郡,神川町,埼玉県神川町,0
597,11385,埼玉県,,児玉郡,上里町,埼玉県上里町,0
598,11408,埼玉県,,大里郡,寄居町,埼玉県寄居町,0
599,11442,埼玉県,,南埼玉郡,宮代町,埼玉県宮代町,0
600,11464,埼玉県,,北葛飾郡,杉戸町,埼玉県杉戸町,0
601,11465,埼玉県,,北葛飾郡,松伏町,埼玉県松伏町,0
602,12101,千葉県,,千葉市,千葉市中央区,千葉県千葉市中央区,0
603,12102,千葉県,,千葉市,千葉市花見川区,千葉県千葉市花見川区,0
604,12103,千葉県,,千葉市,千葉市稲毛区,千葉県千葉市稲毛区,0
605,12104,千葉県,,千葉市,千葉市若葉区,千葉県千葉市若葉区,0
606,12105,千葉県,,千葉市,千葉市緑区,千葉県千葉市緑区,0
607,12106,千葉県,,千葉市,千葉市美浜区,千葉県千葉市美浜区,0
608,12202,千葉県,,,銚子市,千葉県銚子市,0
609,12203,千葉県,,,市川市,千葉県市川市,0
610,12204,千葉県,,,船橋市,千葉県船橋市,0
611,12205,千葉県,,,館山市,千葉県館山市,0
612,12206,千葉県,,,木更津市,千葉県木更津市,0
613,12207,千葉県,,,松戸市,千葉県松戸市,0
614,12208,千葉県,,,野田市,千葉県野田市,0
615,12210,千葉県,,,茂原市,千葉県茂原市,0
616,12211,千葉県,,,成田市,千葉県成田市,0
617,12212,千葉県,,,佐倉市,千葉県佐倉市,0
618,12213,千葉県,,,東金市,千葉県東金市,0
619,12215,千葉県,,,旭市,千葉県旭市,0
620,12216,千葉県,,,習志野市,千葉県習志野市,0
621,12217,千葉県,,,柏市,千葉県柏市,0
622,12218,千葉県,,,勝浦市,千葉県勝浦市,0
623,12219,千葉県,,,市原市,千葉県市原市,0
624,12220,千葉県,,,流山市,千葉県流山市,0
625,12221,千葉県,,,八千代市,千葉県八千代市,0
626,12222,千葉県,,,我孫子市,千葉県我孫子市,0
627,12223,千葉県,,,鴨川市,千葉県鴨川市,0
628,12224,千葉県,,,鎌ケ谷市,千葉県鎌ケ谷市,0
629,12225,千葉県,,,君津市,千葉県君津市,0
630,12226,千葉県,,,富津市,千葉県富津市,0
631,12227,千葉県,,,浦安市,千葉県浦安市,0
632,12228,千葉県,,,四街道市,千葉県四街道市,0
633,12229,千葉県,,,袖ケ浦市,千葉県袖ケ浦市,0
634,12230,千葉県,,,八街市,千葉県八街市,0
635,12231,千葉県,,,印西市,千葉県印西市,0
636,12232,千葉県,,,白井市,千葉県白井市,0
637,12233,千葉県,,,富里市,千葉県富里市,0
638,12234,千葉県,,,南房総市,千葉県南房総市,0
639,12235,千葉県,,,匝瑳市,千葉県匝瑳市,0
640,12236,千葉県,,,香取市,千葉県香取市,0
641,12237,千葉県,,,山武市,千葉県山武市,0
642,12238,千葉県,,,いすみ市,千葉県いすみ市,0
643,12239,千葉県,,,大網白里市,千葉県大網白里市,0
644,12322,千葉県,,印旛郡,酒々井町,千葉県酒々井町,0
645,12329,千葉県,,印旛郡,栄町,千葉県栄町,0
646,12342,千葉県,,香取郡,神崎町,千葉県神崎町,0
647,12347,千葉県,,香取郡,多古町,千葉県多古町,0
648,12349,千葉県,,香取郡,東庄町,千葉県東庄町,0
649,12403,千葉県,,山武郡,九十九里町,千葉県九十九里町,0
650,12409,千葉県,,山武郡,芝山町,千葉県芝山町,0
651,12410,千葉県,,山武郡,横芝光町,千葉県横芝光町,0
652,12421,千葉県,,長生郡,一宮町,千葉県一宮町,0
653,12422,千葉県,,長生郡,睦沢町,千葉県睦沢町,0
654,12423,千葉県,,長生郡,長生村,千葉県長生村,0
655,12424,千葉県,,長生郡,白子町,千葉県白子町,0
656,12426,千葉県,,長生郡,長柄町,千葉県長柄町,0
657,12427,千葉県,,長生郡,長南町,千葉県長南町,0
658,12441,千葉県,,夷隅郡,大多喜町,千葉県大多喜町,0
659,12443,千葉県,,夷隅郡,御宿町,千葉県御宿町,0
660,12463,千葉県,,安房郡,鋸南町,千葉県鋸南町,0
661,12801,千葉県,,,市川市・船橋市境界地先の土地,千葉県市川市・船橋市境界地先の土地,0
662,13101,東京都,,,千代田区,東京都千代田区,0
663,13102,東京都,,,中央区,東京都中央区,0
664,13103,東京都,,,港区,東京都港区,0
665,13104,東京都,,,新宿区,東京都新宿区,0
666,13105,東京都,,,文京区,東京都文京区,0
667,13106,東京都,,,台東区,東京都台東区,0
668,13107,東京都,,,墨田区,東京都墨田区,0
669,13108,東京都,,,江東区,東京都江東区,0
670,13109,東京都,,,品川区,東京都品川区,0
671,13110,東京都,,,目黒区,東京都目黒区,0
672,13111,東京都,,,大田区,東京都大田区,0
673,13112,東京都,,,世田谷区,東京都世田谷区,0
675,13114,東京都,,,中野区,東京都中野区,0
676,13115,東京都,,,杉並区,東京都杉並区,0
677,13116,東京都,,,豊島区,東京都豊島区,0
678,13117,東京都,,,北区,東京都北区,0
679,13118,東京都,,,荒川区,東京都荒川区,0
680,13119,東京都,,,板橋区,東京都板橋区,0
681,13120,東京都,,,練馬区,東京都練馬区,0
682,13121,東京都,,,足立区,東京都足立区,0
683,13122,東京都,,,葛飾区,東京都葛飾区,0
684,13123,東京都,,,江戸川区,東京都江戸川区,0
685,13201,東京都,,,八王子市,東京都八王子市,0
686,13202,東京都,,,立川市,東京都立川市,0
687,13203,東京都,,,武蔵野市,東京都武蔵野市,0
688,13204,東京都,,,三鷹市,東京都三鷹市,0
689,13205,東京都,,,青梅市,東京都青梅市,0
690,13206,東京都,,,府中市,東京都府中市,0
691,13207,東京都,,,昭島市,東京都昭島市,0
692,13208,東京都,,,調布市,東京都調布市,0
693,13209,東京都,,,町田市,東京都町田市,0
694,13210,東京都,,,小金井市,東京都小金井市,0
695,13211,東京都,,,小平市,東京都小平市,0
696,13212,東京都,,,日野市,東京都日野市,0
697,13213,東京都,,,東村山市,東京都東村山市,0
698,13214,東京都,,,国分寺市,東京都国分寺市,0
699,13215,東京都,,,国立市,東京都国立市,0
700,13218,東京都,,,福生市,東京都福生市,0
701,13219,東京都,,,狛江市,東京都狛江市,0
702,13220,東京都,,,東大和市,東京都東大和市,0
703,13221,東京都,,,清瀬市,東京都清瀬市,0
704,13222,東京都,,,東久留米市,東京都東久留米市,0
705,13223,東京都,,,武蔵村山市,東京都武蔵村山市,0
706,13224,東京都,,,多摩市,東京都多摩市,0
707,13225,東京都,,,稲城市,東京都稲城市,0
708,13227,東京都,,,羽村市,東京都羽村市,0
709,13228,東京都,,,あきる野市,東京都あきる野市,0
710,13229,東京都,,,西東京市,東京都西東京市,0
711,13303,東京都,,西多摩郡,瑞穂町,東京都瑞穂町,0
712,13305,東京都,,西多摩郡,日の出町,東京都日の出町,0
713,13307,東京都,,西多摩郡,檜原村,東京都檜原村,0
714,13308,東京都,,西多摩郡,奥多摩町,東京都奥多摩町,0
715,13361,東京都,,大島支庁,大島町,東京都大島町,0
716,13362,東京都,,大島支庁,利島村,東京都利島村,0
717,13363,東京都,,大島支庁,新島村,東京都新島村,0
718,13364,東京都,,大島支庁,神津島村,東京都神津島村,0
719,13381,東京都,,三宅支庁,三宅村,東京都三宅村,0
720,13382,東京都,,三宅支庁,御蔵島村,東京都御蔵島村,0
721,13401,東京都,,八丈支庁,八丈町,東京都八丈町,0
722,13402,東京都,,八丈支庁,青ヶ島村,東京都青ヶ島村,0
723,13421,東京都,,小笠原支庁,小笠原村,東京都小笠原村,0
724,13801,東京都,,,鳥島,東京都鳥島,0
725,13802,東京都,,,ベヨネース列岩,東京都ベヨネース列岩,0
726,13803,東京都,,,須美寿島,東京都須美寿島,0
727,13804,東京都,,,孀婦岩,東京都孀婦岩,0
728,13805,東京都,,,荒川河口部,東京都荒川河口部,0
729,13807,東京都,,,中央防波堤外側廃棄物処理場（中潮橋南側）,東京都中央防波堤外側廃棄物処理場（中潮橋南側）,0
730,13808,東京都,,,所属未定地,東京都所属未定地,0
731,14101,神奈川県,,横浜市,横浜市鶴見区,神奈川県横浜市鶴見区,0
732,14102,神奈川県,,横浜市,横浜市神奈川区,神奈川県横浜市神奈川区,0
733,14103,神奈川県,,横浜市,横浜市西区,神奈川県横浜市西区,0
734,14104,神奈川県,,横浜市,横浜市中区,神奈川県横浜市中区,0
735,14105,神奈川県,,横浜市,横浜市南区,神奈川県横浜市南区,0
736,14106,神奈川県,,横浜市,横浜市保土ケ谷区,神奈川県横浜市保土ケ谷区,0
737,14107,神奈川県,,横浜市,横浜市磯子区,神奈川県横浜市磯子区,0
738,14108,神奈川県,,横浜市,横浜市金沢区,神奈川県横浜市金沢区,0
739,14109,神奈川県,,横浜市,横浜市港北区,神奈川県横浜市港北区,0
740,14110,神奈川県,,横浜市,横浜市戸塚区,神奈川県横浜市戸塚区,0
741,14111,神奈川県,,横浜市,横浜市港南区,神奈川県横浜市港南区,0
742,14112,神奈川県,,横浜市,横浜市旭区,神奈川県横浜市旭区,0
743,14113,神奈川県,,横浜市,横浜市緑区,神奈川県横浜市緑区,0
744,14114,神奈川県,,横浜市,横浜市瀬谷区,神奈川県横浜市瀬谷区,0
745,14115,神奈川県,,横浜市,横浜市栄区,神奈川県横浜市栄区,0
746,14116,神奈川県,,横浜市,横浜市泉区,神奈川県横浜市泉区,0
747,14117,神奈川県,,横浜市,横浜市青葉区,神奈川県横浜市青葉区,0
748,14118,神奈川県,,横浜市,横浜市都筑区,神奈川県横浜市都筑区,0
749,14131,神奈川県,,川崎市,川崎市川崎区,神奈川県川崎市川崎区,0
750,14132,神奈川県,,川崎市,川崎市幸区,神奈川県川崎市幸区,0
751,14133,神奈川県,,川崎市,川崎市中原区,神奈川県川崎市中原区,0
752,14134,神奈川県,,川崎市,川崎市高津区,神奈川県川崎市高津区,0
753,14135,神奈川県,,川崎市,川崎市多摩区,神奈川県川崎市多摩区,0
754,14136,神奈川県,,川崎市,川崎市宮前区,神奈川県川崎市宮前区,0
755,14137,神奈川県,,川崎市,川崎市麻生区,神奈川県川崎市麻生区,0
756,14151,神奈川県,,相模原市,相模原市緑区,神奈川県相模原市緑区,0
757,14152,神奈川県,,相模原市,相模原市中央区,神奈川県相模原市中央区,0
758,14153,神奈川県,,相模原市,相模原市南区,神奈川県相模原市南区,0
759,14201,神奈川県,,,横須賀市,神奈川県横須賀市,0
760,14203,神奈川県,,,平塚市,神奈川県平塚市,0
761,14204,神奈川県,,,鎌倉市,神奈川県鎌倉市,0
762,14205,神奈川県,,,藤沢市,神奈川県藤沢市,0
763,14206,神奈川県,,,小田原市,神奈川県小田原市,0
764,14207,神奈川県,,,茅ヶ崎市,神奈川県茅ヶ崎市,0
765,14208,神奈川県,,,逗子市,神奈川県逗子市,0
766,14210,神奈川県,,,三浦市,神奈川県三浦市,0
767,14211,神奈川県,,,秦野市,神奈川県秦野市,0
768,14212,神奈川県,,,厚木市,神奈川県厚木市,0
769,14213,神奈川県,,,大和市,神奈川県大和市,0
770,14214,神奈川県,,,伊勢原市,神奈川県伊勢原市,0
771,14215,神奈川県,,,海老名市,神奈川県海老名市,0
772,14216,神奈川県,,,座間市,神奈川県座間市,0
773,14217,神奈川県,,,南足柄市,神奈川県南足柄市,0
774,14218,神奈川県,,,綾瀬市,神奈川県綾瀬市,0
775,14301,神奈川県,,三浦郡,葉山町,神奈川県葉山町,0
776,14321,神奈川県,,高座郡,寒川町,神奈川県寒川町,0
777,14341,神奈川県,,中郡,大磯町,神奈川県大磯町,0
778,14342,神奈川県,,中郡,二宮町,神奈川県二宮町,0
779,14361,神奈川県,,足柄上郡,中井町,神奈川県中井町,0
780,14362,神奈川県,,足柄上郡,大井町,神奈川県大井町,0
781,14363,神奈川県,,足柄上郡,松田町,神奈川県松田町,0
782,14364,神奈川県,,足柄上郡,山北町,神奈川県山北町,0
783,14366,神奈川県,,足柄上郡,開成町,神奈川県開成町,0
784,14382,神奈川県,,足柄下郡,箱根町,神奈川県箱根町,0
785,14383,神奈川県,,足柄下郡,真鶴町,神奈川県真鶴町,0
786,14384,神奈川県,,足柄下郡,湯河原町,神奈川県湯河原町,0
787,14401,神奈川県,,愛甲郡,愛川町,神奈川県愛川町,0
788,14402,神奈川県,,愛甲郡,清川村,神奈川県清川村,0
789,15101,新潟県,,新潟市,新潟市北区,新潟県新潟市北区,0
790,15102,新潟県,,新潟市,新潟市東区,新潟県新潟市東区,0
792,15104,新潟県,,新潟市,新潟市江南区,新潟県新潟市江南区,0
793,15105,新潟県,,新潟市,新潟市秋葉区,新潟県新潟市秋葉区,0
794,15106,新潟県,,新潟市,新潟市南区,新潟県新潟市南区,0
795,15107,新潟県,,新潟市,新潟市西区,新潟県新潟市西区,0
796,15108,新潟県,,新潟市,新潟市西蒲区,新潟県新潟市西蒲区,0
797,15202,新潟県,,,長岡市,新潟県長岡市,0
798,15204,新潟県,,,三条市,新潟県三条市,0
799,15205,新潟県,,,柏崎市,新潟県柏崎市,0
800,15206,新潟県,,,新発田市,新潟県新発田市,0
801,15208,新潟県,,,小千谷市,新潟県小千谷市,0
802,15209,新潟県,,,加茂市,新潟県加茂市,0
803,15210,新潟県,,,十日町市,新潟県十日町市,0
804,15211,新潟県,,,見附市,新潟県見附市,0
805,15212,新潟県,,,村上市,新潟県村上市,0
806,15213,新潟県,,,燕市,新潟県燕市,0
807,15216,新潟県,,,糸魚川市,新潟県糸魚川市,0
808,15217,新潟県,,,妙高市,新潟県妙高市,0
809,15218,新潟県,,,五泉市,新潟県五泉市,0
810,15222,新潟県,,,上越市,新潟県上越市,0
811,15223,新潟県,,,阿賀野市,新潟県阿賀野市,0
812,15224,新潟県,,,佐渡市,新潟県佐渡市,0
813,15225,新潟県,,,魚沼市,新潟県魚沼市,0
814,15226,新潟県,,,南魚沼市,新潟県南魚沼市,0
815,15227,新潟県,,,胎内市,新潟県胎内市,0
816,15307,新潟県,,北蒲原郡,聖籠町,新潟県聖籠町,0
817,15342,新潟県,,西蒲原郡,弥彦村,新潟県弥彦村,0
818,15361,新潟県,,南蒲原郡,田上町,新潟県田上町,0
819,15385,新潟県,,東蒲原郡,阿賀町,新潟県阿賀町,0
820,15405,新潟県,,三島郡,出雲崎町,新潟県出雲崎町,0
821,15461,新潟県,,南魚沼郡,湯沢町,新潟県湯沢町,0
822,15482,新潟県,,中魚沼郡,津南町,新潟県津南町,0
823,15504,新潟県,,刈羽郡,刈羽村,新潟県刈羽村,0
824,15581,新潟県,,岩船郡,関川村,新潟県関川村,0
825,15586,新潟県,,岩船郡,粟島浦村,新潟県粟島浦村,0
826,16201,富山県,,,富山市,富山県富山市,0
827,16202,富山県,,,高岡市,富山県高岡市,0
828,16204,富山県,,,魚津市,富山県魚津市,0
829,16205,富山県,,,氷見市,富山県氷見市,0
830,16206,富山県,,,滑川市,富山県滑川市,0
831,16207,富山県,,,黒部市,富山県黒部市,0
832,16208,富山県,,,砺波市,富山県砺波市,0
833,16209,富山県,,,小矢部市,富山県小矢部市,0
834,16210,富山県,,,南砺市,富山県南砺市,0
835,16211,富山県,,,射水市,富山県射水市,0
836,16321,富山県,,中新川郡,舟橋村,富山県舟橋村,0
837,16322,富山県,,中新川郡,上市町,富山県上市町,0
838,16323,富山県,,中新川郡,立山町,富山県立山町,0
839,16342,富山県,,下新川郡,入善町,富山県入善町,0
840,16343,富山県,,下新川郡,朝日町,富山県朝日町,0
841,17201,石川県,,,金沢市,石川県金沢市,0
842,17202,石川県,,,七尾市,石川県七尾市,0
843,17203,石川県,,,小松市,石川県小松市,0
844,17204,石川県,,,輪島市,石川県輪島市,0
845,17205,石川県,,,珠洲市,石川県珠洲市,0
846,17206,石川県,,,加賀市,石川県加賀市,0
847,17207,石川県,,,羽咋市,石川県羽咋市,0
848,17209,石川県,,,かほく市,石川県かほく市,0
849,17210,石川県,,,白山市,石川県白山市,0
850,17211,石川県,,,能美市,石川県能美市,0
851,17212,石川県,,,野々市市,石川県野々市市,0
852,17324,石川県,,能美郡,川北町,石川県川北町,0
853,17361,石川県,,河北郡,津幡町,石川県津幡町,0
854,17365,石川県,,河北郡,内灘町,石川県内灘町,0
855,17384,石川県,,羽咋郡,志賀町,石川県志賀町,0
856,17386,石川県,,羽咋郡,宝達志水町,石川県宝達志水町,0
857,17407,石川県,,鹿島郡,中能登町,石川県中能登町,0
858,17461,石川県,,鳳珠郡,穴水町,石川県穴水町,0
859,17463,石川県,,鳳珠郡,能登町,石川県能登町,0
860,18201,福井県,,,福井市,福井県福井市,0
861,18202,福井県,,,敦賀市,福井県敦賀市,0
862,18204,福井県,,,小浜市,福井県小浜市,0
863,18205,福井県,,,大野市,福井県大野市,0
864,18206,福井県,,,勝山市,福井県勝山市,0
865,18207,福井県,,,鯖江市,福井県鯖江市,0
866,18208,福井県,,,あわら市,福井県あわら市,0
867,18209,福井県,,,越前市,福井県越前市,0
868,18210,福井県,,,坂井市,福井県坂井市,0
869,18322,福井県,,吉田郡,永平寺町,福井県永平寺町,0
870,18382,福井県,,今立郡,池田町,福井県池田町,0
871,18404,福井県,,南条郡,南越前町,福井県南越前町,0
872,18423,福井県,,丹生郡,越前町,福井県越前町,0
873,18442,福井県,,三方郡,美浜町,福井県美浜町,0
874,18481,福井県,,大飯郡,高浜町,福井県高浜町,0
875,18483,福井県,,大飯郡,おおい町,福井県おおい町,0
876,18501,福井県,,三方上中郡,若狭町,福井県若狭町,0
877,19201,山梨県,,,甲府市,山梨県甲府市,0
878,19202,山梨県,,,富士吉田市,山梨県富士吉田市,0
879,19204,山梨県,,,都留市,山梨県都留市,0
880,19205,山梨県,,,山梨市,山梨県山梨市,0
881,19206,山梨県,,,大月市,山梨県大月市,0
882,19207,山梨県,,,韮崎市,山梨県韮崎市,0
883,19208,山梨県,,,南アルプス市,山梨県南アルプス市,0
884,19209,山梨県,,,北杜市,山梨県北杜市,0
885,19210,山梨県,,,甲斐市,山梨県甲斐市,0
886,19211,山梨県,,,笛吹市,山梨県笛吹市,0
887,19212,山梨県,,,上野原市,山梨県上野原市,0
888,19213,山梨県,,,甲州市,山梨県甲州市,0
889,19214,山梨県,,,中央市,山梨県中央市,0
890,19346,山梨県,,西八代郡,市川三郷町,山梨県市川三郷町,0
891,19364,山梨県,,南巨摩郡,早川町,山梨県早川町,0
892,19365,山梨県,,南巨摩郡,身延町,山梨県身延町,0
893,19366,山梨県,,南巨摩郡,南部町,山梨県南部町,0
894,19368,山梨県,,南巨摩郡,富士川町,山梨県富士川町,0
895,19384,山梨県,,中巨摩郡,昭和町,山梨県昭和町,0
896,19422,山梨県,,南都留郡,道志村,山梨県道志村,0
897,19423,山梨県,,南都留郡,西桂町,山梨県西桂町,0
898,19424,山梨県,,南都留郡,忍野村,山梨県忍野村,0
899,19425,山梨県,,南都留郡,山中湖村,山梨県山中湖村,0
900,19429,山梨県,,南都留郡,鳴沢村,山梨県鳴沢村,0
901,19430,山梨県,,南都留郡,富士河口湖町,山梨県富士河口湖町,0
902,19442,山梨県,,北都留郡,小菅村,山梨県小菅村,0
903,19443,山梨県,,北都留郡,丹波山村,山梨県丹波山村,0
904,20201,長野県,,,長野市,長野県長野市,0
905,20202,長野県,,,松本市,長野県松本市,0
906,20203,長野県,,,上田市,長野県上田市,0
907,20204,長野県,,,岡谷市,長野県岡谷市,0
908,20205,長野県,,,飯田市,長野県飯田市,0
909,20206,長野県,,,諏訪市,長野県諏訪市,0
910,20207,長野県,,,須坂市,長野県須坂市,0
911,20208,長野県,,,小諸市,長野県小諸市,0
912,20209,長野県,,,伊那市,長野県伊那市,0
913,20210,長野県,,,駒ヶ根市,長野県駒ヶ根市,0
914,20211,長野県,,,中野市,長野県中野市,0
915,20212,長野県,,,大町市,長野県大町市,0
916,20213,長野県,,,飯山市,長野県飯山市,0
917,20214,長野県,,,茅野市,長野県茅野市,0
918,20215,長野県,,,塩尻市,長野県塩尻市,0
919,20217,長野県,,,佐久市,長野県佐久市,0
920,20218,長野県,,,千曲市,長野県千曲市,0
921,20219,長野県,,,東御市,長野県東御市,0
922,20220,長野県,,,安曇野市,長野県安曇野市,0
923,20303,長野県,,南佐久郡,小海町,長野県小海町,0
924,20304,長野県,,南佐久郡,川上村,長野県川上村,0
925,20305,長野県,,南佐久郡,南牧村,長野県南牧村,0
926,20306,長野県,,南佐久郡,南相木村,長野県南相木村,0
927,20307,長野県,,南佐久郡,北相木村,長野県北相木村,0
928,20309,長野県,,南佐久郡,佐久穂町,長野県佐久穂町,0
929,20321,長野県,,北佐久郡,軽井沢町,長野県軽井沢町,0
930,20323,長野県,,北佐久郡,御代田町,長野県御代田町,0
931,20324,長野県,,北佐久郡,立科町,長野県立科町,0
932,20349,長野県,,小県郡,青木村,長野県青木村,0
933,20350,長野県,,小県郡,長和町,長野県長和町,0
934,20361,長野県,,諏訪郡,下諏訪町,長野県下諏訪町,0
935,20362,長野県,,諏訪郡,富士見町,長野県富士見町,0
936,20363,長野県,,諏訪郡,原村,長野県原村,0
937,20382,長野県,,上伊那郡,辰野町,長野県辰野町,0
938,20383,長野県,,上伊那郡,箕輪町,長野県箕輪町,0
939,20384,長野県,,上伊那郡,飯島町,長野県飯島町,0
940,20385,長野県,,上伊那郡,南箕輪村,長野県南箕輪村,0
941,20386,長野県,,上伊那郡,中川村,長野県中川村,0
942,20388,長野県,,上伊那郡,宮田村,長野県宮田村,0
943,20402,長野県,,下伊那郡,松川町,長野県松川町,0
944,20403,長野県,,下伊那郡,高森町,長野県高森町,0
945,20404,長野県,,下伊那郡,阿南町,長野県阿南町,0
946,20407,長野県,,下伊那郡,阿智村,長野県阿智村,0
947,20409,長野県,,下伊那郡,平谷村,長野県平谷村,0
948,20410,長野県,,下伊那郡,根羽村,長野県根羽村,0
949,20411,長野県,,下伊那郡,下條村,長野県下條村,0
950,20412,長野県,,下伊那郡,売木村,長野県売木村,0
951,20413,長野県,,下伊那郡,天龍村,長野県天龍村,0
952,20414,長野県,,下伊那郡,泰阜村,長野県泰阜村,0
953,20415,長野県,,下伊那郡,喬木村,長野県喬木村,0
954,20416,長野県,,下伊那郡,豊丘村,長野県豊丘村,0
955,20417,長野県,,下伊那郡,大鹿村,長野県大鹿村,0
956,20422,長野県,,木曽郡,上松町,長野県上松町,0
957,20423,長野県,,木曽郡,南木曽町,長野県南木曽町,0
958,20425,長野県,,木曽郡,木祖村,長野県木祖村,0
959,20429,長野県,,木曽郡,王滝村,長野県王滝村,0
960,20430,長野県,,木曽郡,大桑村,長野県大桑村,0
961,20432,長野県,,木曽郡,木曽町,長野県木曽町,0
962,20446,長野県,,東筑摩郡,麻績村,長野県麻績村,0
963,20448,長野県,,東筑摩郡,生坂村,長野県生坂村,0
964,20450,長野県,,東筑摩郡,山形村,長野県山形村,0
965,20451,長野県,,東筑摩郡,朝日村,長野県朝日村,0
966,20452,長野県,,東筑摩郡,筑北村,長野県筑北村,0
967,20481,長野県,,北安曇郡,池田町,長野県池田町,0
968,20482,長野県,,北安曇郡,松川村,長野県松川村,0
969,20485,長野県,,北安曇郡,白馬村,長野県白馬村,0
970,20486,長野県,,北安曇郡,小谷村,長野県小谷村,0
971,20521,長野県,,埴科郡,坂城町,長野県坂城町,0
972,20541,長野県,,上高井郡,小布施町,長野県小布施町,0
973,20543,長野県,,上高井郡,高山村,長野県高山村,0
974,20561,長野県,,下高井郡,山ノ内町,長野県山ノ内町,0
975,20562,長野県,,下高井郡,木島平村,長野県木島平村,0
976,20563,長野県,,下高井郡,野沢温泉村,長野県野沢温泉村,0
977,20583,長野県,,上水内郡,信濃町,長野県信濃町,0
978,20588,長野県,,上水内郡,小川村,長野県小川村,0
979,20590,長野県,,上水内郡,飯綱町,長野県飯綱町,0
980,20602,長野県,,下水内郡,栄村,長野県栄村,0
981,21201,岐阜県,,,岐阜市,岐阜県岐阜市,0
982,21202,岐阜県,,,大垣市,岐阜県大垣市,0
983,21203,岐阜県,,,高山市,岐阜県高山市,0
984,21204,岐阜県,,,多治見市,岐阜県多治見市,0
985,21205,岐阜県,,,関市,岐阜県関市,0
986,21206,岐阜県,,,中津川市,岐阜県中津川市,0
987,21207,岐阜県,,,美濃市,岐阜県美濃市,0
988,21208,岐阜県,,,瑞浪市,岐阜県瑞浪市,0
989,21209,岐阜県,,,羽島市,岐阜県羽島市,0
990,21210,岐阜県,,,恵那市,岐阜県恵那市,0
991,21211,岐阜県,,,美濃加茂市,岐阜県美濃加茂市,0
992,21212,岐阜県,,,土岐市,岐阜県土岐市,0
993,21213,岐阜県,,,各務原市,岐阜県各務原市,0
994,21214,岐阜県,,,可児市,岐阜県可児市,0
995,21215,岐阜県,,,山県市,岐阜県山県市,0
996,21216,岐阜県,,,瑞穂市,岐阜県瑞穂市,0
997,21217,岐阜県,,,飛騨市,岐阜県飛騨市,0
998,21218,岐阜県,,,本巣市,岐阜県本巣市,0
999,21219,岐阜県,,,郡上市,岐阜県郡上市,0
1000,21220,岐阜県,,,下呂市,岐阜県下呂市,0
1001,21221,岐阜県,,,海津市,岐阜県海津市,0
1002,21302,岐阜県,,羽島郡,岐南町,岐阜県岐南町,0
1003,21303,岐阜県,,羽島郡,笠松町,岐阜県笠松町,0
1004,21341,岐阜県,,養老郡,養老町,岐阜県養老町,0
1005,21361,岐阜県,,不破郡,垂井町,岐阜県垂井町,0
1006,21362,岐阜県,,不破郡,関ケ原町,岐阜県関ケ原町,0
1007,21381,岐阜県,,安八郡,神戸町,岐阜県神戸町,0
1008,21382,岐阜県,,安八郡,輪之内町,岐阜県輪之内町,0
1009,21383,岐阜県,,安八郡,安八町,岐阜県安八町,0
1010,21401,岐阜県,,揖斐郡,揖斐川町,岐阜県揖斐川町,0
1011,21403,岐阜県,,揖斐郡,大野町,岐阜県大野町,0
1012,21404,岐阜県,,揖斐郡,池田町,岐阜県池田町,0
1013,21421,岐阜県,,本巣郡,北方町,岐阜県北方町,0
1014,21501,岐阜県,,加茂郡,坂祝町,岐阜県坂祝町,0
1015,21502,岐阜県,,加茂郡,富加町,岐阜県富加町,0
1016,21503,岐阜県,,加茂郡,川辺町,岐阜県川辺町,0
1017,21504,岐阜県,,加茂郡,七宗町,岐阜県七宗町,0
1018,21505,岐阜県,,加茂郡,八百津町,岐阜県八百津町,0
1019,21506,岐阜県,,加茂郡,白川町,岐阜県白川町,0
1020,21507,岐阜県,,加茂郡,東白川村,岐阜県東白川村,0
1021,21521,岐阜県,,可児郡,御嵩町,岐阜県御嵩町,0
1022,21604,岐阜県,,大野郡,白川村,岐阜県白川村,0
1023,22101,静岡県,,静岡市,静岡市葵区,静岡県静岡市葵区,0
1024,22102,静岡県,,静岡市,静岡市駿河区,静岡県静岡市駿河区,0
1025,22103,静岡県,,静岡市,静岡市清水区,静岡県静岡市清水区,0
1026,22131,静岡県,,浜松市,浜松市中区,静岡県浜松市中区,0
1027,22132,静岡県,,浜松市,浜松市東区,静岡県浜松市東区,0
1028,22133,静岡県,,浜松市,浜松市西区,静岡県浜松市西区,0
1029,22134,静岡県,,浜松市,浜松市南区,静岡県浜松市南区,0
1030,22135,静岡県,,浜松市,浜松市北区,静岡県浜松市北区,0
1031,22136,静岡県,,浜松市,浜松市浜北区,静岡県浜松市浜北区,0
1032,22137,静岡県,,浜松市,浜松市天竜区,静岡県浜松市天竜区,0
1033,22203,静岡県,,,沼津市,静岡県沼津市,0
1034,22205,静岡県,,,熱海市,静岡県熱海市,0
1035,22206,静岡県,,,三島市,静岡県三島市,0
1036,22207,静岡県,,,富士宮市,静岡県富士宮市,0
1037,22208,静岡県,,,伊東市,静岡県伊東市,0
1038,22209,静岡県,,,島田市,静岡県島田市,0
1039,22210,静岡県,,,富士市,静岡県富士市,0
1040,22211,静岡県,,,磐田市,静岡県磐田市,0
1041,22212,静岡県,,,焼津市,静岡県焼津市,0
1042,22213,静岡県,,,掛川市,静岡県掛川市,0
1043,22214,静岡県,,,藤枝市,静岡県藤枝市,0
1044,22215,静岡県,,,御殿場市,静岡県御殿場市,0
1045,22216,静岡県,,,袋井市,静岡県袋井市,0
1046,22219,静岡県,,,下田市,静岡県下田市,0
1047,22220,静岡県,,,裾野市,静岡県裾野市,0
1048,22221,静岡県,,,湖西市,静岡県湖西市,0
1049,22222,静岡県,,,伊豆市,静岡県伊豆市,0
1050,22223,静岡県,,,御前崎市,静岡県御前崎市,0
1051,22224,静岡県,,,菊川市,静岡県菊川市,0
1052,22225,静岡県,,,伊豆の国市,静岡県伊豆の国市,0
1053,22226,静岡県,,,牧之原市,静岡県牧之原市,0
1054,22301,静岡県,,賀茂郡,東伊豆町,静岡県東伊豆町,0
1055,22302,静岡県,,賀茂郡,河津町,静岡県河津町,0
1056,22304,静岡県,,賀茂郡,南伊豆町,静岡県南伊豆町,0
1057,22305,静岡県,,賀茂郡,松崎町,静岡県松崎町,0
1058,22306,静岡県,,賀茂郡,西伊豆町,静岡県西伊豆町,0
1059,22325,静岡県,,田方郡,函南町,静岡県函南町,0
1060,22341,静岡県,,駿東郡,清水町,静岡県清水町,0
1061,22342,静岡県,,駿東郡,長泉町,静岡県長泉町,0
1062,22344,静岡県,,駿東郡,小山町,静岡県小山町,0
1063,22424,静岡県,,榛原郡,吉田町,静岡県吉田町,0
1064,22429,静岡県,,榛原郡,川根本町,静岡県川根本町,0
1065,22461,静岡県,,周智郡,森町,静岡県森町,0
1066,23101,愛知県,,名古屋市,名古屋市千種区,愛知県名古屋市千種区,0
1067,23102,愛知県,,名古屋市,名古屋市東区,愛知県名古屋市東区,0
1068,23103,愛知県,,名古屋市,名古屋市北区,愛知県名古屋市北区,0
1069,23104,愛知県,,名古屋市,名古屋市西区,愛知県名古屋市西区,0
1070,23105,愛知県,,名古屋市,名古屋市中村区,愛知県名古屋市中村区,0
1071,23106,愛知県,,名古屋市,名古屋市中区,愛知県名古屋市中区,0
1072,23107,愛知県,,名古屋市,名古屋市昭和区,愛知県名古屋市昭和区,0
1073,23108,愛知県,,名古屋市,名古屋市瑞穂区,愛知県名古屋市瑞穂区,0
1074,23109,愛知県,,名古屋市,名古屋市熱田区,愛知県名古屋市熱田区,0
1075,23110,愛知県,,名古屋市,名古屋市中川区,愛知県名古屋市中川区,0
1076,23111,愛知県,,名古屋市,名古屋市港区,愛知県名古屋市港区,0
1077,23112,愛知県,,名古屋市,名古屋市南区,愛知県名古屋市南区,0
1078,23113,愛知県,,名古屋市,名古屋市守山区,愛知県名古屋市守山区,0
1079,23114,愛知県,,名古屋市,名古屋市緑区,愛知県名古屋市緑区,0
1080,23115,愛知県,,名古屋市,名古屋市名東区,愛知県名古屋市名東区,0
1081,23116,愛知県,,名古屋市,名古屋市天白区,愛知県名古屋市天白区,0
1082,23201,愛知県,,,豊橋市,愛知県豊橋市,0
1083,23202,愛知県,,,岡崎市,愛知県岡崎市,0
1084,23203,愛知県,,,一宮市,愛知県一宮市,0
1085,23204,愛知県,,,瀬戸市,愛知県瀬戸市,0
1086,23205,愛知県,,,半田市,愛知県半田市,0
1087,23206,愛知県,,,春日井市,愛知県春日井市,0
1088,23207,愛知県,,,豊川市,愛知県豊川市,0
1089,23208,愛知県,,,津島市,愛知県津島市,0
1090,23209,愛知県,,,碧南市,愛知県碧南市,0
1091,23210,愛知県,,,刈谷市,愛知県刈谷市,0
1092,23211,愛知県,,,豊田市,愛知県豊田市,0
1093,23212,愛知県,,,安城市,愛知県安城市,0
1094,23213,愛知県,,,西尾市,愛知県西尾市,0
1095,23214,愛知県,,,蒲郡市,愛知県蒲郡市,0
1096,23215,愛知県,,,犬山市,愛知県犬山市,0
1097,23216,愛知県,,,常滑市,愛知県常滑市,0
1098,23217,愛知県,,,江南市,愛知県江南市,0
1099,23219,愛知県,,,小牧市,愛知県小牧市,0
1100,23220,愛知県,,,稲沢市,愛知県稲沢市,0
1101,23221,愛知県,,,新城市,愛知県新城市,0
1102,23222,愛知県,,,東海市,愛知県東海市,0
1103,23223,愛知県,,,大府市,愛知県大府市,0
1104,23224,愛知県,,,知多市,愛知県知多市,0
1105,23225,愛知県,,,知立市,愛知県知立市,0
1106,23226,愛知県,,,尾張旭市,愛知県尾張旭市,0
1107,23227,愛知県,,,高浜市,愛知県高浜市,0
1108,23228,愛知県,,,岩倉市,愛知県岩倉市,0
1109,23229,愛知県,,,豊明市,愛知県豊明市,0
1110,23230,愛知県,,,日進市,愛知県日進市,0
1111,23231,愛知県,,,田原市,愛知県田原市,0
1112,23232,愛知県,,,愛西市,愛知県愛西市,0
1113,23233,愛知県,,,清須市,愛知県清須市,0
1114,23234,愛知県,,,北名古屋市,愛知県北名古屋市,0
1115,23235,愛知県,,,弥富市,愛知県弥富市,0
1116,23236,愛知県,,,みよし市,愛知県みよし市,0
1117,23237,愛知県,,,あま市,愛知県あま市,0
1118,23238,愛知県,,,長久手市,愛知県長久手市,0
1119,23302,愛知県,,愛知郡,東郷町,愛知県東郷町,0
1120,23342,愛知県,,西春日井郡,豊山町,愛知県豊山町,0
1121,23361,愛知県,,丹羽郡,大口町,愛知県大口町,0
1122,23362,愛知県,,丹羽郡,扶桑町,愛知県扶桑町,0
1123,23424,愛知県,,海部郡,大治町,愛知県大治町,0
1124,23425,愛知県,,海部郡,蟹江町,愛知県蟹江町,0
1125,23427,愛知県,,海部郡,飛島村,愛知県飛島村,0
1126,23441,愛知県,,知多郡,阿久比町,愛知県阿久比町,0
1127,23442,愛知県,,知多郡,東浦町,愛知県東浦町,0
1128,23445,愛知県,,知多郡,南知多町,愛知県南知多町,0
1129,23446,愛知県,,知多郡,美浜町,愛知県美浜町,0
1130,23447,愛知県,,知多郡,武豊町,愛知県武豊町,0
1131,23501,愛知県,,額田郡,幸田町,愛知県幸田町,0
1132,23561,愛知県,,北設楽郡,設楽町,愛知県設楽町,0
1133,23562,愛知県,,北設楽郡,東栄町,愛知県東栄町,0
1134,23563,愛知県,,北設楽郡,豊根村,愛知県豊根村,0
1135,23801,愛知県,,,名古屋港口埋立地,愛知県名古屋港口埋立地,0
1136,24201,三重県,,,津市,三重県津市,0
1137,24202,三重県,,,四日市市,三重県四日市市,0
1138,24203,三重県,,,伊勢市,三重県伊勢市,0
1139,24204,三重県,,,松阪市,三重県松阪市,0
1140,24205,三重県,,,桑名市,三重県桑名市,0
1141,24207,三重県,,,鈴鹿市,三重県鈴鹿市,0
1142,24208,三重県,,,名張市,三重県名張市,0
1143,24209,三重県,,,尾鷲市,三重県尾鷲市,0
1144,24210,三重県,,,亀山市,三重県亀山市,0
1145,24211,三重県,,,鳥羽市,三重県鳥羽市,0
1146,24212,三重県,,,熊野市,三重県熊野市,0
1147,24214,三重県,,,いなべ市,三重県いなべ市,0
1148,24215,三重県,,,志摩市,三重県志摩市,0
1149,24216,三重県,,,伊賀市,三重県伊賀市,0
1150,24303,三重県,,桑名郡,木曽岬町,三重県木曽岬町,0
1151,24324,三重県,,員弁郡,東員町,三重県東員町,0
1152,24341,三重県,,三重郡,菰野町,三重県菰野町,0
1153,24343,三重県,,三重郡,朝日町,三重県朝日町,0
1154,24344,三重県,,三重郡,川越町,三重県川越町,0
1155,24441,三重県,,多気郡,多気町,三重県多気町,0
1156,24442,三重県,,多気郡,明和町,三重県明和町,0
1157,24443,三重県,,多気郡,大台町,三重県大台町,0
1158,24461,三重県,,度会郡,玉城町,三重県玉城町,0
1159,24470,三重県,,度会郡,度会町,三重県度会町,0
1160,24471,三重県,,度会郡,大紀町,三重県大紀町,0
1161,24472,三重県,,度会郡,南伊勢町,三重県南伊勢町,0
1162,24543,三重県,,北牟婁郡,紀北町,三重県紀北町,0
1163,24561,三重県,,南牟婁郡,御浜町,三重県御浜町,0
1164,24562,三重県,,南牟婁郡,紀宝町,三重県紀宝町,0
1165,25201,滋賀県,,,大津市,滋賀県大津市,0
1166,25202,滋賀県,,,彦根市,滋賀県彦根市,0
1167,25203,滋賀県,,,長浜市,滋賀県長浜市,0
1168,25204,滋賀県,,,近江八幡市,滋賀県近江八幡市,0
1169,25206,滋賀県,,,草津市,滋賀県草津市,0
1170,25207,滋賀県,,,守山市,滋賀県守山市,0
1171,25208,滋賀県,,,栗東市,滋賀県栗東市,0
1172,25209,滋賀県,,,甲賀市,滋賀県甲賀市,0
1173,25210,滋賀県,,,野洲市,滋賀県野洲市,0
1174,25211,滋賀県,,,湖南市,滋賀県湖南市,0
1175,25212,滋賀県,,,高島市,滋賀県高島市,0
1176,25213,滋賀県,,,東近江市,滋賀県東近江市,0
1177,25214,滋賀県,,,米原市,滋賀県米原市,0
1178,25383,滋賀県,,蒲生郡,日野町,滋賀県日野町,0
1179,25384,滋賀県,,蒲生郡,竜王町,滋賀県竜王町,0
1180,25425,滋賀県,,愛知郡,愛荘町,滋賀県愛荘町,0
1181,25441,滋賀県,,犬上郡,豊郷町,滋賀県豊郷町,0
1182,25442,滋賀県,,犬上郡,甲良町,滋賀県甲良町,0
1183,25443,滋賀県,,犬上郡,多賀町,滋賀県多賀町,0
1184,26101,京都府,,京都市,京都市北区,京都府京都市北区,0
1185,26102,京都府,,京都市,京都市上京区,京都府京都市上京区,0
1186,26103,京都府,,京都市,京都市左京区,京都府京都市左京区,0
1187,26104,京都府,,京都市,京都市中京区,京都府京都市中京区,0
1188,26105,京都府,,京都市,京都市東山区,京都府京都市東山区,0
1189,26106,京都府,,京都市,京都市下京区,京都府京都市下京区,0
1190,26107,京都府,,京都市,京都市南区,京都府京都市南区,0
1191,26108,京都府,,京都市,京都市右京区,京都府京都市右京区,0
1192,26109,京都府,,京都市,京都市伏見区,京都府京都市伏見区,0
1193,26110,京都府,,京都市,京都市山科区,京都府京都市山科区,0
1194,26111,京都府,,京都市,京都市西京区,京都府京都市西京区,0
1195,26201,京都府,,,福知山市,京都府福知山市,0
1196,26202,京都府,,,舞鶴市,京都府舞鶴市,0
1197,26203,京都府,,,綾部市,京都府綾部市,0
1198,26204,京都府,,,宇治市,京都府宇治市,0
1199,26205,京都府,,,宮津市,京都府宮津市,0
1200,26206,京都府,,,亀岡市,京都府亀岡市,0
1201,26207,京都府,,,城陽市,京都府城陽市,0
1202,26208,京都府,,,向日市,京都府向日市,0
1203,26209,京都府,,,長岡京市,京都府長岡京市,0
1204,26210,京都府,,,八幡市,京都府八幡市,0
1205,26211,京都府,,,京田辺市,京都府京田辺市,0
1206,26212,京都府,,,京丹後市,京都府京丹後市,0
1207,26213,京都府,,,南丹市,京都府南丹市,0
1208,26214,京都府,,,木津川市,京都府木津川市,0
1209,26303,京都府,,乙訓郡,大山崎町,京都府大山崎町,0
1210,26322,京都府,,久世郡,久御山町,京都府久御山町,0
1211,26343,京都府,,綴喜郡,井手町,京都府井手町,0
1212,26344,京都府,,綴喜郡,宇治田原町,京都府宇治田原町,0
1213,26364,京都府,,相楽郡,笠置町,京都府笠置町,0
1214,26365,京都府,,相楽郡,和束町,京都府和束町,0
1215,26366,京都府,,相楽郡,精華町,京都府精華町,0
1216,26367,京都府,,相楽郡,南山城村,京都府南山城村,0
1217,26407,京都府,,船井郡,京丹波町,京都府京丹波町,0
1218,26463,京都府,,与謝郡,伊根町,京都府伊根町,0
1219,26465,京都府,,与謝郡,与謝野町,京都府与謝野町,0
1220,27102,大阪府,,大阪市,大阪市都島区,大阪府大阪市都島区,0
1221,27103,大阪府,,大阪市,大阪市福島区,大阪府大阪市福島区,0
1222,27104,大阪府,,大阪市,大阪市此花区,大阪府大阪市此花区,0
1223,27106,大阪府,,大阪市,大阪市西区,大阪府大阪市西区,0
1224,27107,大阪府,,大阪市,大阪市港区,大阪府大阪市港区,0
1225,27108,大阪府,,大阪市,大阪市大正区,大阪府大阪市大正区,0
1226,27109,大阪府,,大阪市,大阪市天王寺区,大阪府大阪市天王寺区,0
1227,27111,大阪府,,大阪市,大阪市浪速区,大阪府大阪市浪速区,0
1228,27113,大阪府,,大阪市,大阪市西淀川区,大阪府大阪市西淀川区,0
1229,27114,大阪府,,大阪市,大阪市東淀川区,大阪府大阪市東淀川区,0
1230,27115,大阪府,,大阪市,大阪市東成区,大阪府大阪市東成区,0
1231,27116,大阪府,,大阪市,大阪市生野区,大阪府大阪市生野区,0
1232,27117,大阪府,,大阪市,大阪市旭区,大阪府大阪市旭区,0
1233,27118,大阪府,,大阪市,大阪市城東区,大阪府大阪市城東区,0
1234,27119,大阪府,,大阪市,大阪市阿倍野区,大阪府大阪市阿倍野区,0
1235,27120,大阪府,,大阪市,大阪市住吉区,大阪府大阪市住吉区,0
1236,27121,大阪府,,大阪市,大阪市東住吉区,大阪府大阪市東住吉区,0
1237,27122,大阪府,,大阪市,大阪市西成区,大阪府大阪市西成区,0
1238,27123,大阪府,,大阪市,大阪市淀川区,大阪府大阪市淀川区,0
1239,27124,大阪府,,大阪市,大阪市鶴見区,大阪府大阪市鶴見区,0
1240,27125,大阪府,,大阪市,大阪市住之江区,大阪府大阪市住之江区,0
1241,27126,大阪府,,大阪市,大阪市平野区,大阪府大阪市平野区,0
1242,27127,大阪府,,大阪市,大阪市北区,大阪府大阪市北区,0
1243,27128,大阪府,,大阪市,大阪市中央区,大阪府大阪市中央区,0
1244,27141,大阪府,,堺市,堺市堺区,大阪府堺市堺区,0
1245,27142,大阪府,,堺市,堺市中区,大阪府堺市中区,0
1246,27143,大阪府,,堺市,堺市東区,大阪府堺市東区,0
1247,27144,大阪府,,堺市,堺市西区,大阪府堺市西区,0
1248,27145,大阪府,,堺市,堺市南区,大阪府堺市南区,0
1249,27146,大阪府,,堺市,堺市北区,大阪府堺市北区,0
1250,27147,大阪府,,堺市,堺市美原区,大阪府堺市美原区,0
1251,27202,大阪府,,,岸和田市,大阪府岸和田市,0
1252,27203,大阪府,,,豊中市,大阪府豊中市,0
1253,27204,大阪府,,,池田市,大阪府池田市,0
1254,27205,大阪府,,,吹田市,大阪府吹田市,0
1255,27206,大阪府,,,泉大津市,大阪府泉大津市,0
1256,27207,大阪府,,,高槻市,大阪府高槻市,0
1257,27208,大阪府,,,貝塚市,大阪府貝塚市,0
1258,27209,大阪府,,,守口市,大阪府守口市,0
1259,27210,大阪府,,,枚方市,大阪府枚方市,0
1260,27211,大阪府,,,茨木市,大阪府茨木市,0
1261,27212,大阪府,,,八尾市,大阪府八尾市,0
1262,27213,大阪府,,,泉佐野市,大阪府泉佐野市,0
1263,27214,大阪府,,,富田林市,大阪府富田林市,0
1264,27215,大阪府,,,寝屋川市,大阪府寝屋川市,0
1265,27216,大阪府,,,河内長野市,大阪府河内長野市,0
1266,27217,大阪府,,,松原市,大阪府松原市,0
1267,27218,大阪府,,,大東市,大阪府大東市,0
1268,27219,大阪府,,,和泉市,大阪府和泉市,0
1269,27220,大阪府,,,箕面市,大阪府箕面市,0
1270,27221,大阪府,,,柏原市,大阪府柏原市,0
1271,27222,大阪府,,,羽曳野市,大阪府羽曳野市,0
1272,27223,大阪府,,,門真市,大阪府門真市,0
1273,27224,大阪府,,,摂津市,大阪府摂津市,0
1274,27225,大阪府,,,高石市,大阪府高石市,0
1275,27226,大阪府,,,藤井寺市,大阪府藤井寺市,0
1276,27227,大阪府,,,東大阪市,大阪府東大阪市,0
1277,27228,大阪府,,,泉南市,大阪府泉南市,0
1278,27229,大阪府,,,四條畷市,大阪府四條畷市,0
1279,27230,大阪府,,,交野市,大阪府交野市,0
1280,27231,大阪府,,,大阪狭山市,大阪府大阪狭山市,0
1281,27232,大阪府,,,阪南市,大阪府阪南市,0
1282,27301,大阪府,,三島郡,島本町,大阪府島本町,0
1283,27321,大阪府,,豊能郡,豊能町,大阪府豊能町,0
1284,27322,大阪府,,豊能郡,能勢町,大阪府能勢町,0
1285,27341,大阪府,,泉北郡,忠岡町,大阪府忠岡町,0
1286,27361,大阪府,,泉南郡,熊取町,大阪府熊取町,0
1287,27362,大阪府,,泉南郡,田尻町,大阪府田尻町,0
1288,27366,大阪府,,泉南郡,岬町,大阪府岬町,0
1289,27381,大阪府,,南河内郡,太子町,大阪府太子町,0
1290,27382,大阪府,,南河内郡,河南町,大阪府河南町,0
1291,27383,大阪府,,南河内郡,千早赤阪村,大阪府千早赤阪村,0
1292,28101,兵庫県,,神戸市,神戸市東灘区,兵庫県神戸市東灘区,0
1293,28102,兵庫県,,神戸市,神戸市灘区,兵庫県神戸市灘区,0
1294,28105,兵庫県,,神戸市,神戸市兵庫区,兵庫県神戸市兵庫区,0
1295,28106,兵庫県,,神戸市,神戸市長田区,兵庫県神戸市長田区,0
1296,28107,兵庫県,,神戸市,神戸市須磨区,兵庫県神戸市須磨区,0
1297,28108,兵庫県,,神戸市,神戸市垂水区,兵庫県神戸市垂水区,0
1298,28109,兵庫県,,神戸市,神戸市北区,兵庫県神戸市北区,0
1299,28110,兵庫県,,神戸市,神戸市中央区,兵庫県神戸市中央区,0
1300,28111,兵庫県,,神戸市,神戸市西区,兵庫県神戸市西区,0
1301,28201,兵庫県,,,姫路市,兵庫県姫路市,0
1302,28202,兵庫県,,,尼崎市,兵庫県尼崎市,0
1303,28203,兵庫県,,,明石市,兵庫県明石市,0
1304,28204,兵庫県,,,西宮市,兵庫県西宮市,0
1305,28205,兵庫県,,,洲本市,兵庫県洲本市,0
1306,28206,兵庫県,,,芦屋市,兵庫県芦屋市,0
1307,28207,兵庫県,,,伊丹市,兵庫県伊丹市,0
1308,28208,兵庫県,,,相生市,兵庫県相生市,0
1309,28209,兵庫県,,,豊岡市,兵庫県豊岡市,0
1310,28210,兵庫県,,,加古川市,兵庫県加古川市,0
1311,28212,兵庫県,,,赤穂市,兵庫県赤穂市,0
1312,28213,兵庫県,,,西脇市,兵庫県西脇市,0
1313,28214,兵庫県,,,宝塚市,兵庫県宝塚市,0
1314,28215,兵庫県,,,三木市,兵庫県三木市,0
1315,28216,兵庫県,,,高砂市,兵庫県高砂市,0
1316,28217,兵庫県,,,川西市,兵庫県川西市,0
1317,28218,兵庫県,,,小野市,兵庫県小野市,0
1318,28219,兵庫県,,,三田市,兵庫県三田市,0
1319,28220,兵庫県,,,加西市,兵庫県加西市,0
1320,28221,兵庫県,,,丹波篠山市,兵庫県丹波篠山市,0
1321,28222,兵庫県,,,養父市,兵庫県養父市,0
1322,28223,兵庫県,,,丹波市,兵庫県丹波市,0
1323,28224,兵庫県,,,南あわじ市,兵庫県南あわじ市,0
1324,28225,兵庫県,,,朝来市,兵庫県朝来市,0
1325,28226,兵庫県,,,淡路市,兵庫県淡路市,0
1326,28227,兵庫県,,,宍粟市,兵庫県宍粟市,0
1327,28228,兵庫県,,,加東市,兵庫県加東市,0
1328,28229,兵庫県,,,たつの市,兵庫県たつの市,0
1329,28301,兵庫県,,川辺郡,猪名川町,兵庫県猪名川町,0
1330,28365,兵庫県,,多可郡,多可町,兵庫県多可町,0
1331,28381,兵庫県,,加古郡,稲美町,兵庫県稲美町,0
1332,28382,兵庫県,,加古郡,播磨町,兵庫県播磨町,0
1333,28442,兵庫県,,神崎郡,市川町,兵庫県市川町,0
1334,28443,兵庫県,,神崎郡,福崎町,兵庫県福崎町,0
1335,28446,兵庫県,,神崎郡,神河町,兵庫県神河町,0
1336,28464,兵庫県,,揖保郡,太子町,兵庫県太子町,0
1337,28481,兵庫県,,赤穂郡,上郡町,兵庫県上郡町,0
1338,28501,兵庫県,,佐用郡,佐用町,兵庫県佐用町,0
1339,28585,兵庫県,,美方郡,香美町,兵庫県香美町,0
1340,28586,兵庫県,,美方郡,新温泉町,兵庫県新温泉町,0
1341,29201,奈良県,,,奈良市,奈良県奈良市,0
1342,29202,奈良県,,,大和高田市,奈良県大和高田市,0
1343,29203,奈良県,,,大和郡山市,奈良県大和郡山市,0
1344,29204,奈良県,,,天理市,奈良県天理市,0
1345,29205,奈良県,,,橿原市,奈良県橿原市,0
1346,29206,奈良県,,,桜井市,奈良県桜井市,0
1347,29207,奈良県,,,五條市,奈良県五條市,0
1348,29208,奈良県,,,御所市,奈良県御所市,0
1349,29209,奈良県,,,生駒市,奈良県生駒市,0
1350,29210,奈良県,,,香芝市,奈良県香芝市,0
1351,29211,奈良県,,,葛城市,奈良県葛城市,0
1352,29212,奈良県,,,宇陀市,奈良県宇陀市,0
1353,29322,奈良県,,山辺郡,山添村,奈良県山添村,0
1354,29342,奈良県,,生駒郡,平群町,奈良県平群町,0
1355,29343,奈良県,,生駒郡,三郷町,奈良県三郷町,0
1356,29344,奈良県,,生駒郡,斑鳩町,奈良県斑鳩町,0
1357,29345,奈良県,,生駒郡,安堵町,奈良県安堵町,0
1358,29361,奈良県,,磯城郡,川西町,奈良県川西町,0
1359,29362,奈良県,,磯城郡,三宅町,奈良県三宅町,0
1360,29363,奈良県,,磯城郡,田原本町,奈良県田原本町,0
1361,29385,奈良県,,宇陀郡,曽爾村,奈良県曽爾村,0
1362,29386,奈良県,,宇陀郡,御杖村,奈良県御杖村,0
1363,29401,奈良県,,高市郡,高取町,奈良県高取町,0
1364,29402,奈良県,,高市郡,明日香村,奈良県明日香村,0
1365,29424,奈良県,,北葛城郡,上牧町,奈良県上牧町,0
1366,29425,奈良県,,北葛城郡,王寺町,奈良県王寺町,0
1367,29426,奈良県,,北葛城郡,広陵町,奈良県広陵町,0
1368,29427,奈良県,,北葛城郡,河合町,奈良県河合町,0
1369,29441,奈良県,,吉野郡,吉野町,奈良県吉野町,0
1370,29442,奈良県,,吉野郡,大淀町,奈良県大淀町,0
1371,29443,奈良県,,吉野郡,下市町,奈良県下市町,0
1372,29444,奈良県,,吉野郡,黒滝村,奈良県黒滝村,0
1373,29446,奈良県,,吉野郡,天川村,奈良県天川村,0
1374,29447,奈良県,,吉野郡,野迫川村,奈良県野迫川村,0
1375,29449,奈良県,,吉野郡,十津川村,奈良県十津川村,0
1376,29450,奈良県,,吉野郡,下北山村,奈良県下北山村,0
1377,29451,奈良県,,吉野郡,上北山村,奈良県上北山村,0
1378,29452,奈良県,,吉野郡,川上村,奈良県川上村,0
1379,29453,奈良県,,吉野郡,東吉野村,奈良県東吉野村,0
1380,30201,和歌山県,,,和歌山市,和歌山県和歌山市,0
1381,30202,和歌山県,,,海南市,和歌山県海南市,0
1382,30203,和歌山県,,,橋本市,和歌山県橋本市,0
1383,30204,和歌山県,,,有田市,和歌山県有田市,0
1384,30205,和歌山県,,,御坊市,和歌山県御坊市,0
1385,30206,和歌山県,,,田辺市,和歌山県田辺市,0
1386,30207,和歌山県,,,新宮市,和歌山県新宮市,0
1387,30208,和歌山県,,,紀の川市,和歌山県紀の川市,0
1388,30209,和歌山県,,,岩出市,和歌山県岩出市,0
1389,30304,和歌山県,,海草郡,紀美野町,和歌山県紀美野町,0
1390,30341,和歌山県,,伊都郡,かつらぎ町,和歌山県かつらぎ町,0
1391,30343,和歌山県,,伊都郡,九度山町,和歌山県九度山町,0
1392,30344,和歌山県,,伊都郡,高野町,和歌山県高野町,0
1393,30361,和歌山県,,有田郡,湯浅町,和歌山県湯浅町,0
1394,30362,和歌山県,,有田郡,広川町,和歌山県広川町,0
1395,30366,和歌山県,,有田郡,有田川町,和歌山県有田川町,0
1396,30381,和歌山県,,日高郡,美浜町,和歌山県美浜町,0
1397,30382,和歌山県,,日高郡,日高町,和歌山県日高町,0
1398,30383,和歌山県,,日高郡,由良町,和歌山県由良町,0
1399,30390,和歌山県,,日高郡,印南町,和歌山県印南町,0
1400,30391,和歌山県,,日高郡,みなべ町,和歌山県みなべ町,0
1401,30392,和歌山県,,日高郡,日高川町,和歌山県日高川町,0
1402,30401,和歌山県,,西牟婁郡,白浜町,和歌山県白浜町,0
1403,30404,和歌山県,,西牟婁郡,上富田町,和歌山県上富田町,0
1404,30406,和歌山県,,西牟婁郡,すさみ町,和歌山県すさみ町,0
1405,30421,和歌山県,,東牟婁郡,那智勝浦町,和歌山県那智勝浦町,0
1406,30422,和歌山県,,東牟婁郡,太地町,和歌山県太地町,0
1407,30424,和歌山県,,東牟婁郡,古座川町,和歌山県古座川町,0
1408,30427,和歌山県,,東牟婁郡,北山村,和歌山県北山村,0
1409,30428,和歌山県,,東牟婁郡,串本町,和歌山県串本町,0
1410,30801,和歌山県,,,鰹島,和歌山県鰹島,0
1411,31201,鳥取県,,,鳥取市,鳥取県鳥取市,0
1412,31202,鳥取県,,,米子市,鳥取県米子市,0
1413,31203,鳥取県,,,倉吉市,鳥取県倉吉市,0
1414,31204,鳥取県,,,境港市,鳥取県境港市,0
1415,31302,鳥取県,,岩美郡,岩美町,鳥取県岩美町,0
1416,31325,鳥取県,,八頭郡,若桜町,鳥取県若桜町,0
1417,31328,鳥取県,,八頭郡,智頭町,鳥取県智頭町,0
1418,31329,鳥取県,,八頭郡,八頭町,鳥取県八頭町,0
1419,31364,鳥取県,,東伯郡,三朝町,鳥取県三朝町,0
1420,31370,鳥取県,,東伯郡,湯梨浜町,鳥取県湯梨浜町,0
1421,31371,鳥取県,,東伯郡,琴浦町,鳥取県琴浦町,0
1422,31372,鳥取県,,東伯郡,北栄町,鳥取県北栄町,0
1423,31384,鳥取県,,西伯郡,日吉津村,鳥取県日吉津村,0
1424,31386,鳥取県,,西伯郡,大山町,鳥取県大山町,0
1425,31389,鳥取県,,西伯郡,南部町,鳥取県南部町,0
1426,31390,鳥取県,,西伯郡,伯耆町,鳥取県伯耆町,0
1427,31401,鳥取県,,日野郡,日南町,鳥取県日南町,0
1428,31402,鳥取県,,日野郡,日野町,鳥取県日野町,0
1429,31403,鳥取県,,日野郡,江府町,鳥取県江府町,0
1430,32201,島根県,,,松江市,島根県松江市,0
1431,32202,島根県,,,浜田市,島根県浜田市,0
1432,32203,島根県,,,出雲市,島根県出雲市,0
1433,32204,島根県,,,益田市,島根県益田市,0
1434,32205,島根県,,,大田市,島根県大田市,0
1435,32206,島根県,,,安来市,島根県安来市,0
1436,32207,島根県,,,江津市,島根県江津市,0
1437,32209,島根県,,,雲南市,島根県雲南市,0
1438,32343,島根県,,仁多郡,奥出雲町,島根県奥出雲町,0
1439,32386,島根県,,飯石郡,飯南町,島根県飯南町,0
1440,32441,島根県,,邑智郡,川本町,島根県川本町,0
1441,32448,島根県,,邑智郡,美郷町,島根県美郷町,0
1442,32449,島根県,,邑智郡,邑南町,島根県邑南町,0
1443,32501,島根県,,鹿足郡,津和野町,島根県津和野町,0
1444,32505,島根県,,鹿足郡,吉賀町,島根県吉賀町,0
1445,32525,島根県,,隠岐郡,海士町,島根県海士町,0
1446,32526,島根県,,隠岐郡,西ノ島町,島根県西ノ島町,0
1447,32527,島根県,,隠岐郡,知夫村,島根県知夫村,0
1448,32528,島根県,,隠岐郡,隠岐の島町,島根県隠岐の島町,0
1449,33100,岡山県,,,所属未定地,岡山県所属未定地,0
1450,33101,岡山県,,岡山市,岡山市北区,岡山県岡山市北区,0
1451,33102,岡山県,,岡山市,岡山市中区,岡山県岡山市中区,0
1452,33103,岡山県,,岡山市,岡山市東区,岡山県岡山市東区,0
1453,33104,岡山県,,岡山市,岡山市南区,岡山県岡山市南区,0
1454,33202,岡山県,,,倉敷市,岡山県倉敷市,0
1455,33203,岡山県,,,津山市,岡山県津山市,0
1456,33204,岡山県,,,玉野市,岡山県玉野市,0
1457,33205,岡山県,,,笠岡市,岡山県笠岡市,0
1458,33207,岡山県,,,井原市,岡山県井原市,0
1459,33208,岡山県,,,総社市,岡山県総社市,0
1460,33209,岡山県,,,高梁市,岡山県高梁市,0
1461,33210,岡山県,,,新見市,岡山県新見市,0
1462,33211,岡山県,,,備前市,岡山県備前市,0
1463,33212,岡山県,,,瀬戸内市,岡山県瀬戸内市,0
1464,33213,岡山県,,,赤磐市,岡山県赤磐市,0
1465,33214,岡山県,,,真庭市,岡山県真庭市,0
1466,33215,岡山県,,,美作市,岡山県美作市,0
1467,33216,岡山県,,,浅口市,岡山県浅口市,0
1468,33346,岡山県,,和気郡,和気町,岡山県和気町,0
1469,33423,岡山県,,都窪郡,早島町,岡山県早島町,0
1470,33445,岡山県,,浅口郡,里庄町,岡山県里庄町,0
1471,33461,岡山県,,小田郡,矢掛町,岡山県矢掛町,0
1472,33586,岡山県,,真庭郡,新庄村,岡山県新庄村,0
1473,33606,岡山県,,苫田郡,鏡野町,岡山県鏡野町,0
1474,33622,岡山県,,勝田郡,勝央町,岡山県勝央町,0
1475,33623,岡山県,,勝田郡,奈義町,岡山県奈義町,0
1476,33643,岡山県,,英田郡,西粟倉村,岡山県西粟倉村,0
1477,33663,岡山県,,久米郡,久米南町,岡山県久米南町,0
1478,33666,岡山県,,久米郡,美咲町,岡山県美咲町,0
1479,33681,岡山県,,加賀郡,吉備中央町,岡山県吉備中央町,0
1480,34101,広島県,,広島市,広島市中区,広島県広島市中区,0
1481,34102,広島県,,広島市,広島市東区,広島県広島市東区,0
1482,34103,広島県,,広島市,広島市南区,広島県広島市南区,0
1483,34104,広島県,,広島市,広島市西区,広島県広島市西区,0
1484,34105,広島県,,広島市,広島市安佐南区,広島県広島市安佐南区,0
1485,34106,広島県,,広島市,広島市安佐北区,広島県広島市安佐北区,0
1486,34107,広島県,,広島市,広島市安芸区,広島県広島市安芸区,0
1487,34108,広島県,,広島市,広島市佐伯区,広島県広島市佐伯区,0
1488,34202,広島県,,,呉市,広島県呉市,0
1489,34203,広島県,,,竹原市,広島県竹原市,0
1490,34204,広島県,,,三原市,広島県三原市,0
1491,34205,広島県,,,尾道市,広島県尾道市,0
1492,34207,広島県,,,福山市,広島県福山市,0
1493,34208,広島県,,,府中市,広島県府中市,0
1494,34209,広島県,,,三次市,広島県三次市,0
1495,34210,広島県,,,庄原市,広島県庄原市,0
1496,34211,広島県,,,大竹市,広島県大竹市,0
1497,34212,広島県,,,東広島市,広島県東広島市,0
1498,34213,広島県,,,廿日市市,広島県廿日市市,0
1499,34214,広島県,,,安芸高田市,広島県安芸高田市,0
1500,34215,広島県,,,江田島市,広島県江田島市,0
1501,34302,広島県,,安芸郡,府中町,広島県府中町,0
1502,34304,広島県,,安芸郡,海田町,広島県海田町,0
1503,34307,広島県,,安芸郡,熊野町,広島県熊野町,0
1504,34309,広島県,,安芸郡,坂町,広島県坂町,0
1505,34368,広島県,,山県郡,安芸太田町,広島県安芸太田町,0
1506,34369,広島県,,山県郡,北広島町,広島県北広島町,0
1507,34431,広島県,,豊田郡,大崎上島町,広島県大崎上島町,0
1508,34462,広島県,,世羅郡,世羅町,広島県世羅町,0
1509,34545,広島県,,神石郡,神石高原町,広島県神石高原町,0
1510,35201,山口県,,,下関市,山口県下関市,0
1511,35202,山口県,,,宇部市,山口県宇部市,0
1512,35203,山口県,,,山口市,山口県山口市,0
1513,35204,山口県,,,萩市,山口県萩市,0
1514,35206,山口県,,,防府市,山口県防府市,0
1515,35207,山口県,,,下松市,山口県下松市,0
1516,35208,山口県,,,岩国市,山口県岩国市,0
1517,35210,山口県,,,光市,山口県光市,0
1518,35211,山口県,,,長門市,山口県長門市,0
1519,35212,山口県,,,柳井市,山口県柳井市,0
1520,35213,山口県,,,美祢市,山口県美祢市,0
1521,35215,山口県,,,周南市,山口県周南市,0
1522,35216,山口県,,,山陽小野田市,山口県山陽小野田市,0
1523,35305,山口県,,大島郡,周防大島町,山口県周防大島町,0
1524,35321,山口県,,玖珂郡,和木町,山口県和木町,0
1525,35341,山口県,,熊毛郡,上関町,山口県上関町,0
1526,35343,山口県,,熊毛郡,田布施町,山口県田布施町,0
1527,35344,山口県,,熊毛郡,平生町,山口県平生町,0
1528,35502,山口県,,阿武郡,阿武町,山口県阿武町,0
1529,36201,徳島県,,,徳島市,徳島県徳島市,0
1530,36202,徳島県,,,鳴門市,徳島県鳴門市,0
1531,36203,徳島県,,,小松島市,徳島県小松島市,0
1532,36204,徳島県,,,阿南市,徳島県阿南市,0
1533,36205,徳島県,,,吉野川市,徳島県吉野川市,0
1534,36206,徳島県,,,阿波市,徳島県阿波市,0
1535,36207,徳島県,,,美馬市,徳島県美馬市,0
1536,36208,徳島県,,,三好市,徳島県三好市,0
1537,36301,徳島県,,勝浦郡,勝浦町,徳島県勝浦町,0
1538,36302,徳島県,,勝浦郡,上勝町,徳島県上勝町,0
1539,36321,徳島県,,名東郡,佐那河内村,徳島県佐那河内村,0
1540,36341,徳島県,,名西郡,石井町,徳島県石井町,0
1541,36342,徳島県,,名西郡,神山町,徳島県神山町,0
1542,36368,徳島県,,那賀郡,那賀町,徳島県那賀町,0
1543,36383,徳島県,,海部郡,牟岐町,徳島県牟岐町,0
1544,36387,徳島県,,海部郡,美波町,徳島県美波町,0
1545,36388,徳島県,,海部郡,海陽町,徳島県海陽町,0
1546,36401,徳島県,,板野郡,松茂町,徳島県松茂町,0
1547,36402,徳島県,,板野郡,北島町,徳島県北島町,0
1548,36403,徳島県,,板野郡,藍住町,徳島県藍住町,0
1549,36404,徳島県,,板野郡,板野町,徳島県板野町,0
1550,36405,徳島県,,板野郡,上板町,徳島県上板町,0
1551,36468,徳島県,,美馬郡,つるぎ町,徳島県つるぎ町,0
1552,36489,徳島県,,三好郡,東みよし町,徳島県東みよし町,0
1553,37201,香川県,,,高松市,香川県高松市,0
1554,37202,香川県,,,丸亀市,香川県丸亀市,0
1555,37203,香川県,,,坂出市,香川県坂出市,0
1556,37204,香川県,,,善通寺市,香川県善通寺市,0
1557,37205,香川県,,,観音寺市,香川県観音寺市,0
1558,37206,香川県,,,さぬき市,香川県さぬき市,0
1559,37207,香川県,,,東かがわ市,香川県東かがわ市,0
1560,37208,香川県,,,三豊市,香川県三豊市,0
1561,37322,香川県,,小豆郡,土庄町,香川県土庄町,0
1562,37324,香川県,,小豆郡,小豆島町,香川県小豆島町,0
1563,37341,香川県,,木田郡,三木町,香川県三木町,0
1564,37364,香川県,,香川郡,直島町,香川県直島町,0
1565,37386,香川県,,綾歌郡,宇多津町,香川県宇多津町,0
1566,37387,香川県,,綾歌郡,綾川町,香川県綾川町,0
1567,37403,香川県,,仲多度郡,琴平町,香川県琴平町,0
1568,37404,香川県,,仲多度郡,多度津町,香川県多度津町,0
1569,37406,香川県,,仲多度郡,まんのう町,香川県まんのう町,0
1570,38201,愛媛県,,,松山市,愛媛県松山市,0
1571,38202,愛媛県,,,今治市,愛媛県今治市,0
1572,38203,愛媛県,,,宇和島市,愛媛県宇和島市,0
1573,38204,愛媛県,,,八幡浜市,愛媛県八幡浜市,0
1574,38205,愛媛県,,,新居浜市,愛媛県新居浜市,0
1575,38206,愛媛県,,,西条市,愛媛県西条市,0
1576,38207,愛媛県,,,大洲市,愛媛県大洲市,0
1577,38210,愛媛県,,,伊予市,愛媛県伊予市,0
1578,38213,愛媛県,,,四国中央市,愛媛県四国中央市,0
1579,38214,愛媛県,,,西予市,愛媛県西予市,0
1580,38215,愛媛県,,,東温市,愛媛県東温市,0
1581,38356,愛媛県,,越智郡,上島町,愛媛県上島町,0
1582,38386,愛媛県,,上浮穴郡,久万高原町,愛媛県久万高原町,0
1583,38401,愛媛県,,伊予郡,松前町,愛媛県松前町,0
1584,38402,愛媛県,,伊予郡,砥部町,愛媛県砥部町,0
1585,38422,愛媛県,,喜多郡,内子町,愛媛県内子町,0
1586,38442,愛媛県,,西宇和郡,伊方町,愛媛県伊方町,0
1587,38484,愛媛県,,北宇和郡,松野町,愛媛県松野町,0
1588,38488,愛媛県,,北宇和郡,鬼北町,愛媛県鬼北町,0
1589,38506,愛媛県,,南宇和郡,愛南町,愛媛県愛南町,0
1590,39201,高知県,,,高知市,高知県高知市,0
1591,39202,高知県,,,室戸市,高知県室戸市,0
1592,39203,高知県,,,安芸市,高知県安芸市,0
1593,39204,高知県,,,南国市,高知県南国市,0
1594,39205,高知県,,,土佐市,高知県土佐市,0
1595,39206,高知県,,,須崎市,高知県須崎市,0
1596,39208,高知県,,,宿毛市,高知県宿毛市,0
1597,39209,高知県,,,土佐清水市,高知県土佐清水市,0
1598,39210,高知県,,,四万十市,高知県四万十市,0
1599,39211,高知県,,,香南市,高知県香南市,0
1600,39212,高知県,,,香美市,高知県香美市,0
1601,39301,高知県,,安芸郡,東洋町,高知県東洋町,0
1602,39302,高知県,,安芸郡,奈半利町,高知県奈半利町,0
1603,39303,高知県,,安芸郡,田野町,高知県田野町,0
1604,39304,高知県,,安芸郡,安田町,高知県安田町,0
1605,39305,高知県,,安芸郡,北川村,高知県北川村,0
1606,39306,高知県,,安芸郡,馬路村,高知県馬路村,0
1607,39307,高知県,,安芸郡,芸西村,高知県芸西村,0
1608,39341,高知県,,長岡郡,本山町,高知県本山町,0
1609,39344,高知県,,長岡郡,大豊町,高知県大豊町,0
1610,39363,高知県,,土佐郡,土佐町,高知県土佐町,0
1611,39364,高知県,,土佐郡,大川村,高知県大川村,0
1612,39386,高知県,,吾川郡,いの町,高知県いの町,0
1613,39387,高知県,,吾川郡,仁淀川町,高知県仁淀川町,0
1614,39401,高知県,,高岡郡,中土佐町,高知県中土佐町,0
1615,39402,高知県,,高岡郡,佐川町,高知県佐川町,0
1616,39403,高知県,,高岡郡,越知町,高知県越知町,0
1617,39405,高知県,,高岡郡,檮原町,高知県檮原町,0
1618,39410,高知県,,高岡郡,日高村,高知県日高村,0
1619,39411,高知県,,高岡郡,津野町,高知県津野町,0
1620,39412,高知県,,高岡郡,四万十町,高知県四万十町,0
1621,39424,高知県,,幡多郡,大月町,高知県大月町,0
1622,39427,高知県,,幡多郡,三原村,高知県三原村,0
1623,39428,高知県,,幡多郡,黒潮町,高知県黒潮町,0
1624,40101,福岡県,,北九州市,北九州市門司区,福岡県北九州市門司区,0
1625,40103,福岡県,,北九州市,北九州市若松区,福岡県北九州市若松区,0
1626,40105,福岡県,,北九州市,北九州市戸畑区,福岡県北九州市戸畑区,0
1627,40106,福岡県,,北九州市,北九州市小倉北区,福岡県北九州市小倉北区,0
1628,40107,福岡県,,北九州市,北九州市小倉南区,福岡県北九州市小倉南区,0
1629,40108,福岡県,,北九州市,北九州市八幡東区,福岡県北九州市八幡東区,0
1630,40109,福岡県,,北九州市,北九州市八幡西区,福岡県北九州市八幡西区,0
1631,40131,福岡県,,福岡市,福岡市東区,福岡県福岡市東区,0
1632,40132,福岡県,,福岡市,福岡市博多区,福岡県福岡市博多区,0
1633,40133,福岡県,,福岡市,福岡市中央区,福岡県福岡市中央区,0
1634,40134,福岡県,,福岡市,福岡市南区,福岡県福岡市南区,0
1635,40135,福岡県,,福岡市,福岡市西区,福岡県福岡市西区,0
1636,40136,福岡県,,福岡市,福岡市城南区,福岡県福岡市城南区,0
1637,40137,福岡県,,福岡市,福岡市早良区,福岡県福岡市早良区,0
1638,40202,福岡県,,,大牟田市,福岡県大牟田市,0
1639,40203,福岡県,,,久留米市,福岡県久留米市,0
1640,40204,福岡県,,,直方市,福岡県直方市,0
1641,40205,福岡県,,,飯塚市,福岡県飯塚市,0
1642,40206,福岡県,,,田川市,福岡県田川市,0
1643,40207,福岡県,,,柳川市,福岡県柳川市,0
1644,40210,福岡県,,,八女市,福岡県八女市,0
1645,40211,福岡県,,,筑後市,福岡県筑後市,0
1646,40212,福岡県,,,大川市,福岡県大川市,0
1647,40213,福岡県,,,行橋市,福岡県行橋市,0
1648,40214,福岡県,,,豊前市,福岡県豊前市,0
1649,40215,福岡県,,,中間市,福岡県中間市,0
1650,40216,福岡県,,,小郡市,福岡県小郡市,0
1651,40217,福岡県,,,筑紫野市,福岡県筑紫野市,0
1652,40218,福岡県,,,春日市,福岡県春日市,0
1653,40219,福岡県,,,大野城市,福岡県大野城市,0
1654,40220,福岡県,,,宗像市,福岡県宗像市,0
1655,40221,福岡県,,,太宰府市,福岡県太宰府市,0
1656,40223,福岡県,,,古賀市,福岡県古賀市,0
1657,40224,福岡県,,,福津市,福岡県福津市,0
1658,40225,福岡県,,,うきは市,福岡県うきは市,0
1659,40226,福岡県,,,宮若市,福岡県宮若市,0
1660,40227,福岡県,,,嘉麻市,福岡県嘉麻市,0
1661,40228,福岡県,,,朝倉市,福岡県朝倉市,0
1662,40229,福岡県,,,みやま市,福岡県みやま市,0
1663,40230,福岡県,,,糸島市,福岡県糸島市,0
1664,40231,福岡県,,,那珂川市,福岡県那珂川市,0
1665,40341,福岡県,,糟屋郡,宇美町,福岡県宇美町,0
1666,40342,福岡県,,糟屋郡,篠栗町,福岡県篠栗町,0
1667,40343,福岡県,,糟屋郡,志免町,福岡県志免町,0
1668,40344,福岡県,,糟屋郡,須恵町,福岡県須恵町,0
1669,40345,福岡県,,糟屋郡,新宮町,福岡県新宮町,0
1670,40348,福岡県,,糟屋郡,久山町,福岡県久山町,0
1671,40349,福岡県,,糟屋郡,粕屋町,福岡県粕屋町,0
1672,40381,福岡県,,遠賀郡,芦屋町,福岡県芦屋町,0
1673,40382,福岡県,,遠賀郡,水巻町,福岡県水巻町,0
1674,40383,福岡県,,遠賀郡,岡垣町,福岡県岡垣町,0
1675,40384,福岡県,,遠賀郡,遠賀町,福岡県遠賀町,0
1676,40401,福岡県,,鞍手郡,小竹町,福岡県小竹町,0
1677,40402,福岡県,,鞍手郡,鞍手町,福岡県鞍手町,0
1678,40421,福岡県,,嘉穂郡,桂川町,福岡県桂川町,0
1679,40447,福岡県,,朝倉郡,筑前町,福岡県筑前町,0
1680,40448,福岡県,,朝倉郡,東峰村,福岡県東峰村,0
1681,40503,福岡県,,三井郡,大刀洗町,福岡県大刀洗町,0
1682,40522,福岡県,,三潴郡,大木町,福岡県大木町,0
1683,40544,福岡県,,八女郡,広川町,福岡県広川町,0
1684,40601,福岡県,,田川郡,香春町,福岡県香春町,0
1685,40602,福岡県,,田川郡,添田町,福岡県添田町,0
1686,40604,福岡県,,田川郡,糸田町,福岡県糸田町,0
1687,40605,福岡県,,田川郡,川崎町,福岡県川崎町,0
1688,40608,福岡県,,田川郡,大任町,福岡県大任町,0
1689,40609,福岡県,,田川郡,赤村,福岡県赤村,0
1690,40610,福岡県,,田川郡,福智町,福岡県福智町,0
1691,40621,福岡県,,京都郡,苅田町,福岡県苅田町,0
1692,40625,福岡県,,京都郡,みやこ町,福岡県みやこ町,0
1693,40642,福岡県,,築上郡,吉富町,福岡県吉富町,0
1694,40646,福岡県,,築上郡,上毛町,福岡県上毛町,0
1695,40647,福岡県,,築上郡,築上町,福岡県築上町,0
1696,40801,福岡県,,,羽島,福岡県羽島,0
1697,41201,佐賀県,,,佐賀市,佐賀県佐賀市,0
1698,41202,佐賀県,,,唐津市,佐賀県唐津市,0
1699,41203,佐賀県,,,鳥栖市,佐賀県鳥栖市,0
1700,41204,佐賀県,,,多久市,佐賀県多久市,0
1701,41205,佐賀県,,,伊万里市,佐賀県伊万里市,0
1702,41206,佐賀県,,,武雄市,佐賀県武雄市,0
1703,41207,佐賀県,,,鹿島市,佐賀県鹿島市,0
1704,41208,佐賀県,,,小城市,佐賀県小城市,0
1705,41209,佐賀県,,,嬉野市,佐賀県嬉野市,0
1706,41210,佐賀県,,,神埼市,佐賀県神埼市,0
1707,41327,佐賀県,,神埼郡,吉野ヶ里町,佐賀県吉野ヶ里町,0
1708,41341,佐賀県,,三養基郡,基山町,佐賀県基山町,0
1709,41345,佐賀県,,三養基郡,上峰町,佐賀県上峰町,0
1710,41346,佐賀県,,三養基郡,みやき町,佐賀県みやき町,0
1711,41387,佐賀県,,東松浦郡,玄海町,佐賀県玄海町,0
1712,41401,佐賀県,,西松浦郡,有田町,佐賀県有田町,0
1713,41423,佐賀県,,杵島郡,大町町,佐賀県大町町,0
1714,41424,佐賀県,,杵島郡,江北町,佐賀県江北町,0
1715,41425,佐賀県,,杵島郡,白石町,佐賀県白石町,0
1716,41441,佐賀県,,藤津郡,太良町,佐賀県太良町,0
1717,42201,長崎県,,,長崎市,長崎県長崎市,0
1718,42202,長崎県,,,佐世保市,長崎県佐世保市,0
1719,42203,長崎県,,,島原市,長崎県島原市,0
1720,42204,長崎県,,,諫早市,長崎県諫早市,0
1721,42205,長崎県,,,大村市,長崎県大村市,0
1722,42207,長崎県,,,平戸市,長崎県平戸市,0
1723,42208,長崎県,,,松浦市,長崎県松浦市,0
1724,42209,長崎県,,,対馬市,長崎県対馬市,0
1725,42210,長崎県,,,壱岐市,長崎県壱岐市,0
1726,42211,長崎県,,,五島市,長崎県五島市,0
1727,42212,長崎県,,,西海市,長崎県西海市,0
1728,42213,長崎県,,,雲仙市,長崎県雲仙市,0
1729,42214,長崎県,,,南島原市,長崎県南島原市,0
1730,42307,長崎県,,西彼杵郡,長与町,長崎県長与町,0
1731,42308,長崎県,,西彼杵郡,時津町,長崎県時津町,0
1732,42321,長崎県,,東彼杵郡,東彼杵町,長崎県東彼杵町,0
1733,42322,長崎県,,東彼杵郡,川棚町,長崎県川棚町,0
1734,42323,長崎県,,東彼杵郡,波佐見町,長崎県波佐見町,0
1735,42383,長崎県,,北松浦郡,小値賀町,長崎県小値賀町,0
1736,42391,長崎県,,北松浦郡,佐々町,長崎県佐々町,0
1737,42411,長崎県,,南松浦郡,新上五島町,長崎県新上五島町,0
1738,43101,熊本県,,熊本市,熊本市中央区,熊本県熊本市中央区,0
1739,43102,熊本県,,熊本市,熊本市東区,熊本県熊本市東区,0
1740,43103,熊本県,,熊本市,熊本市西区,熊本県熊本市西区,0
1741,43104,熊本県,,熊本市,熊本市南区,熊本県熊本市南区,0
1742,43105,熊本県,,熊本市,熊本市北区,熊本県熊本市北区,0
1743,43202,熊本県,,,八代市,熊本県八代市,0
1744,43203,熊本県,,,人吉市,熊本県人吉市,0
1745,43204,熊本県,,,荒尾市,熊本県荒尾市,0
1746,43205,熊本県,,,水俣市,熊本県水俣市,0
1747,43206,熊本県,,,玉名市,熊本県玉名市,0
1748,43208,熊本県,,,山鹿市,熊本県山鹿市,0
1749,43210,熊本県,,,菊池市,熊本県菊池市,0
1750,43211,熊本県,,,宇土市,熊本県宇土市,0
1751,43212,熊本県,,,上天草市,熊本県上天草市,0
1752,43213,熊本県,,,宇城市,熊本県宇城市,0
1753,43214,熊本県,,,阿蘇市,熊本県阿蘇市,0
1754,43215,熊本県,,,天草市,熊本県天草市,0
1755,43216,熊本県,,,合志市,熊本県合志市,0
1756,43348,熊本県,,下益城郡,美里町,熊本県美里町,0
1757,43364,熊本県,,玉名郡,玉東町,熊本県玉東町,0
1758,43367,熊本県,,玉名郡,南関町,熊本県南関町,0
1759,43368,熊本県,,玉名郡,長洲町,熊本県長洲町,0
1760,43369,熊本県,,玉名郡,和水町,熊本県和水町,0
1761,43403,熊本県,,菊池郡,大津町,熊本県大津町,0
1762,43404,熊本県,,菊池郡,菊陽町,熊本県菊陽町,0
1763,43423,熊本県,,阿蘇郡,南小国町,熊本県南小国町,0
1764,43424,熊本県,,阿蘇郡,小国町,熊本県小国町,0
1765,43425,熊本県,,阿蘇郡,産山村,熊本県産山村,0
1766,43428,熊本県,,阿蘇郡,高森町,熊本県高森町,0
1767,43432,熊本県,,阿蘇郡,西原村,熊本県西原村,0
1768,43433,熊本県,,阿蘇郡,南阿蘇村,熊本県南阿蘇村,0
1769,43441,熊本県,,上益城郡,御船町,熊本県御船町,0
1770,43442,熊本県,,上益城郡,嘉島町,熊本県嘉島町,0
1771,43443,熊本県,,上益城郡,益城町,熊本県益城町,0
1772,43444,熊本県,,上益城郡,甲佐町,熊本県甲佐町,0
1773,43447,熊本県,,上益城郡,山都町,熊本県山都町,0
1774,43468,熊本県,,八代郡,氷川町,熊本県氷川町,0
1775,43482,熊本県,,葦北郡,芦北町,熊本県芦北町,0
1776,43484,熊本県,,葦北郡,津奈木町,熊本県津奈木町,0
1777,43501,熊本県,,球磨郡,錦町,熊本県錦町,0
1778,43505,熊本県,,球磨郡,多良木町,熊本県多良木町,0
1779,43506,熊本県,,球磨郡,湯前町,熊本県湯前町,0
1780,43507,熊本県,,球磨郡,水上村,熊本県水上村,0
1781,43510,熊本県,,球磨郡,相良村,熊本県相良村,0
1782,43511,熊本県,,球磨郡,五木村,熊本県五木村,0
1783,43512,熊本県,,球磨郡,山江村,熊本県山江村,0
1784,43513,熊本県,,球磨郡,球磨村,熊本県球磨村,0
1785,43514,熊本県,,球磨郡,あさぎり町,熊本県あさぎり町,0
1786,43531,熊本県,,天草郡,苓北町,熊本県苓北町,0
1787,44201,大分県,,,大分市,大分県大分市,0
1788,44202,大分県,,,別府市,大分県別府市,0
1789,44203,大分県,,,中津市,大分県中津市,0
1790,44204,大分県,,,日田市,大分県日田市,0
1791,44205,大分県,,,佐伯市,大分県佐伯市,0
1792,44206,大分県,,,臼杵市,大分県臼杵市,0
1793,44207,大分県,,,津久見市,大分県津久見市,0
1794,44208,大分県,,,竹田市,大分県竹田市,0
1795,44209,大分県,,,豊後高田市,大分県豊後高田市,0
1796,44210,大分県,,,杵築市,大分県杵築市,0
1797,44211,大分県,,,宇佐市,大分県宇佐市,0
1798,44212,大分県,,,豊後大野市,大分県豊後大野市,0
1799,44213,大分県,,,由布市,大分県由布市,0
1800,44214,大分県,,,国東市,大分県国東市,0
1801,44322,大分県,,東国東郡,姫島村,大分県姫島村,0
1802,44341,大分県,,速見郡,日出町,大分県日出町,0
1803,44461,大分県,,玖珠郡,九重町,大分県九重町,0
1804,44462,大分県,,玖珠郡,玖珠町,大分県玖珠町,0
1805,45201,宮崎県,,,宮崎市,宮崎県宮崎市,0
1806,45202,宮崎県,,,都城市,宮崎県都城市,0
1807,45203,宮崎県,,,延岡市,宮崎県延岡市,0
1808,45204,宮崎県,,,日南市,宮崎県日南市,0
1809,45205,宮崎県,,,小林市,宮崎県小林市,0
1810,45206,宮崎県,,,日向市,宮崎県日向市,0
1811,45207,宮崎県,,,串間市,宮崎県串間市,0
1812,45208,宮崎県,,,西都市,宮崎県西都市,0
1813,45209,宮崎県,,,えびの市,宮崎県えびの市,0
1814,45341,宮崎県,,北諸県郡,三股町,宮崎県三股町,0
1815,45361,宮崎県,,西諸県郡,高原町,宮崎県高原町,0
1816,45382,宮崎県,,東諸県郡,国富町,宮崎県国富町,0
1817,45383,宮崎県,,東諸県郡,綾町,宮崎県綾町,0
1818,45401,宮崎県,,児湯郡,高鍋町,宮崎県高鍋町,0
1819,45402,宮崎県,,児湯郡,新富町,宮崎県新富町,0
1820,45403,宮崎県,,児湯郡,西米良村,宮崎県西米良村,0
1821,45404,宮崎県,,児湯郡,木城町,宮崎県木城町,0
1822,45405,宮崎県,,児湯郡,川南町,宮崎県川南町,0
1823,45406,宮崎県,,児湯郡,都農町,宮崎県都農町,0
1824,45421,宮崎県,,東臼杵郡,門川町,宮崎県門川町,0
1825,45429,宮崎県,,東臼杵郡,諸塚村,宮崎県諸塚村,0
1826,45430,宮崎県,,東臼杵郡,椎葉村,宮崎県椎葉村,0
1827,45431,宮崎県,,東臼杵郡,美郷町,宮崎県美郷町,0
1828,45441,宮崎県,,西臼杵郡,高千穂町,宮崎県高千穂町,0
1829,45442,宮崎県,,西臼杵郡,日之影町,宮崎県日之影町,0
1830,45443,宮崎県,,西臼杵郡,五ヶ瀬町,宮崎県五ヶ瀬町,0
1831,46201,鹿児島県,,,鹿児島市,鹿児島県鹿児島市,0
1832,46203,鹿児島県,,,鹿屋市,鹿児島県鹿屋市,0
1833,46204,鹿児島県,,,枕崎市,鹿児島県枕崎市,0
1834,46206,鹿児島県,,,阿久根市,鹿児島県阿久根市,0
1835,46208,鹿児島県,,,出水市,鹿児島県出水市,0
1836,46210,鹿児島県,,,指宿市,鹿児島県指宿市,0
1837,46213,鹿児島県,,,西之表市,鹿児島県西之表市,0
1838,46214,鹿児島県,,,垂水市,鹿児島県垂水市,0
1839,46215,鹿児島県,,,薩摩川内市,鹿児島県薩摩川内市,0
1840,46216,鹿児島県,,,日置市,鹿児島県日置市,0
1841,46217,鹿児島県,,,曽於市,鹿児島県曽於市,0
1842,46218,鹿児島県,,,霧島市,鹿児島県霧島市,0
1843,46219,鹿児島県,,,いちき串木野市,鹿児島県いちき串木野市,0
1844,46220,鹿児島県,,,南さつま市,鹿児島県南さつま市,0
1845,46221,鹿児島県,,,志布志市,鹿児島県志布志市,0
1846,46222,鹿児島県,,,奄美市,鹿児島県奄美市,0
1847,46223,鹿児島県,,,南九州市,鹿児島県南九州市,0
1848,46224,鹿児島県,,,伊佐市,鹿児島県伊佐市,0
1849,46225,鹿児島県,,,姶良市,鹿児島県姶良市,0
1850,46303,鹿児島県,,鹿児島郡,三島村,鹿児島県三島村,0
1851,46304,鹿児島県,,鹿児島郡,十島村,鹿児島県十島村,0
1852,46392,鹿児島県,,薩摩郡,さつま町,鹿児島県さつま町,0
1853,46404,鹿児島県,,出水郡,長島町,鹿児島県長島町,0
1854,46452,鹿児島県,,姶良郡,湧水町,鹿児島県湧水町,0
1855,46468,鹿児島県,,曽於郡,大崎町,鹿児島県大崎町,0
1856,46482,鹿児島県,,肝属郡,東串良町,鹿児島県東串良町,0
1857,46490,鹿児島県,,肝属郡,錦江町,鹿児島県錦江町,0
1858,46491,鹿児島県,,肝属郡,南大隅町,鹿児島県南大隅町,0
1859,46492,鹿児島県,,肝属郡,肝付町,鹿児島県肝付町,0
1860,46501,鹿児島県,,熊毛郡,中種子町,鹿児島県中種子町,0
1861,46502,鹿児島県,,熊毛郡,南種子町,鹿児島県南種子町,0
1862,46505,鹿児島県,,熊毛郡,屋久島町,鹿児島県屋久島町,0
1863,46523,鹿児島県,,大島郡,大和村,鹿児島県大和村,0
1864,46524,鹿児島県,,大島郡,宇検村,鹿児島県宇検村,0
1865,46525,鹿児島県,,大島郡,瀬戸内町,鹿児島県瀬戸内町,0
1866,46527,鹿児島県,,大島郡,龍郷町,鹿児島県龍郷町,0
1867,46529,鹿児島県,,大島郡,喜界町,鹿児島県喜界町,0
1868,46530,鹿児島県,,大島郡,徳之島町,鹿児島県徳之島町,0
1869,46531,鹿児島県,,大島郡,天城町,鹿児島県天城町,0
1870,46532,鹿児島県,,大島郡,伊仙町,鹿児島県伊仙町,0
1871,46533,鹿児島県,,大島郡,和泊町,鹿児島県和泊町,0
1872,46534,鹿児島県,,大島郡,知名町,鹿児島県知名町,0
1873,46535,鹿児島県,,大島郡,与論町,鹿児島県与論町,0
1874,46801,鹿児島県,,,鷹島（甑島南方）,鹿児島県鷹島（甑島南方）,0
1875,46802,鹿児島県,,,津倉瀬（宇治群島北東方）,鹿児島県津倉瀬（宇治群島北東方）,0
1876,47201,沖縄県,,,那覇市,沖縄県那覇市,0
1877,47205,沖縄県,,,宜野湾市,沖縄県宜野湾市,0
1878,47207,沖縄県,,,石垣市,沖縄県石垣市,0
1879,47208,沖縄県,,,浦添市,沖縄県浦添市,0
1880,47209,沖縄県,,,名護市,沖縄県名護市,0
1881,47210,沖縄県,,,糸満市,沖縄県糸満市,0
1882,47211,沖縄県,,,沖縄市,沖縄県沖縄市,0
1883,47212,沖縄県,,,豊見城市,沖縄県豊見城市,0
1884,47213,沖縄県,,,うるま市,沖縄県うるま市,0
1885,47214,沖縄県,,,宮古島市,沖縄県宮古島市,0
1886,47215,沖縄県,,,南城市,沖縄県南城市,0
1887,47301,沖縄県,,国頭郡,国頭村,沖縄県国頭村,0
1888,47302,沖縄県,,国頭郡,大宜味村,沖縄県大宜味村,0
1889,47303,沖縄県,,国頭郡,東村,沖縄県東村,0
1890,47306,沖縄県,,国頭郡,今帰仁村,沖縄県今帰仁村,0
1891,47308,沖縄県,,国頭郡,本部町,沖縄県本部町,0
1892,47311,沖縄県,,国頭郡,恩納村,沖縄県恩納村,0
1893,47313,沖縄県,,国頭郡,宜野座村,沖縄県宜野座村,0
1894,47314,沖縄県,,国頭郡,金武町,沖縄県金武町,0
1895,47315,沖縄県,,国頭郡,伊江村,沖縄県伊江村,0
1896,47324,沖縄県,,中頭郡,読谷村,沖縄県読谷村,0
1897,47325,沖縄県,,中頭郡,嘉手納町,沖縄県嘉手納町,0
1898,47326,沖縄県,,中頭郡,北谷町,沖縄県北谷町,0
1899,47327,沖縄県,,中頭郡,北中城村,沖縄県北中城村,0
1900,47328,沖縄県,,中頭郡,中城村,沖縄県中城村,0
1901,47329,沖縄県,,中頭郡,西原町,沖縄県西原町,0
1902,47348,沖縄県,,島尻郡,与那原町,沖縄県与那原町,0
1903,47350,沖縄県,,島尻郡,南風原町,沖縄県南風原町,0
1904,47353,沖縄県,,島尻郡,渡嘉敷村,沖縄県渡嘉敷村,0
1905,47354,沖縄県,,島尻郡,座間味村,沖縄県座間味村,0
1906,47355,沖縄県,,島尻郡,粟国村,沖縄県粟国村,0
1907,47356,沖縄県,,島尻郡,渡名喜村,沖縄県渡名喜村,0
1908,47357,沖縄県,,島尻郡,南大東村,沖縄県南大東村,0
1909,47358,沖縄県,,島尻郡,北大東村,沖縄県北大東村,0
1910,47359,沖縄県,,島尻郡,伊平屋村,沖縄県伊平屋村,0
1911,47360,沖縄県,,島尻郡,伊是名村,沖縄県伊是名村,0
1912,47361,沖縄県,,島尻郡,久米島町,沖縄県久米島町,0
1913,47362,沖縄県,,島尻郡,八重瀬町,沖縄県八重瀬町,0
1914,47375,沖縄県,,宮古郡,多良間村,沖縄県多良間村,0
1915,47381,沖縄県,,八重山郡,竹富町,沖縄県竹富町,0
1916,47382,沖縄県,,八重山郡,与那国町,沖縄県与那国町,0
1917,47801,沖縄県,,,うるま市・金武町境界部地先の埋立地,沖縄県うるま市・金武町境界部地先の埋立地,0
